cell_type,gene,class,importance,n_cells_used_for_importance,mean_expr_AKI,mean_expr_CKD,mean_expr_Ref,target_minus_others_mean,abs_target_minus_others_mean,combined_score
IC,MT-ND3,AKI,0.037959203,400,182.62604,172.41455,448.7763,-127.96939086914062,127.96939086914062,4.857616101662188
IC,MT-CO3,AKI,0.04926984,400,127.9708,129.9532,268.17453,-71.09306335449219,71.09306335449219,3.502743865207094
IC,WFDC2,AKI,0.08181065,400,36.526966,13.867877,12.044047,23.571003913879395,23.571003913879395,1.9283592270025451
IC,SPP1,AKI,0.06990875,400,26.636858,2.9406412,1.5475882,24.392743289470673,24.392743289470673,1.7052662665295868
IC,MT-CO1,AKI,0.019700374,400,236.62917,200.96255,431.81885,-79.76153564453125,79.76153564453125,1.5713321192440617
IC,MT-ND2,AKI,0.04187822,400,45.354656,48.68121,111.51724,-34.74456977844238,34.74456977844238,1.4550407263516192
IC,MT-CO2,AKI,0.011688887,400,213.85739,172.91487,449.3489,-97.27449798583984,97.27449798583984,1.1370306287166514
IC,MT-CYB,AKI,0.024164261,400,66.4086,58.330578,162.62872,-44.0710506439209,44.0710506439209,1.064944383366207
IC,MALAT1,AKI,0.013768619,400,130.95297,107.49526,307.91855,-76.75393295288086,76.75393295288086,1.0567956539311254
IC,MT-ND1,AKI,0.03490961,400,36.12844,36.770008,93.62432,-29.068723678588867,29.068723678588867,1.0147777982481259
IC,MT-ND5,AKI,0.084785365,400,18.006086,21.635935,37.22572,-11.4247407913208,11.4247407913208,0.9686508130897025
IC,MT-ND4L,AKI,0.05175665,400,22.419624,29.067339,42.73485,-13.481471061706543,13.481471061706543,0.6977557820492564
IC,CD24,AKI,0.11560215,400,8.506189,2.510363,2.985357,5.758329272270203,5.758329272270203,0.6656752475037262
IC,MT-ATP6,AKI,0.024416767,400,114.6714,88.09515,190.44919,-24.60076904296875,24.60076904296875,0.6006712472376421
IC,S100A6,AKI,0.06416878,400,34.722355,18.82135,33.120674,8.7513427734375,8.7513427734375,0.5615629982530663
IC,RPL39,AKI,0.051283672,400,23.343723,20.65642,40.894417,-7.431694984436035,7.431694984436035,0.3811246113447879
IC,FXYD2,AKI,0.02047876,400,19.730158,28.14471,48.399097,-18.541746139526367,18.541746139526367,0.37971198444340715
IC,TXNIP,AKI,0.11305176,400,3.9592242,5.1905346,8.760199,-3.0161423683166504,3.0161423683166504,0.3409801947531932
IC,B2M,AKI,0.0407021,400,42.400726,26.57096,41.642025,8.294234275817871,8.294234275817871,0.3375927599113915
IC,ACTG1,AKI,0.049806725,400,7.846985,5.792261,23.399319,-6.748805046081543,6.748805046081543,0.33613587858662086
IC,DEFB1,AKI,0.015601621,400,47.244015,34.072758,100.08641,-19.835569381713867,19.835569381713867,0.30946703599934544
IC,RPS4X,AKI,0.04060389,400,16.35226,15.635276,31.995123,-7.4629387855529785,7.4629387855529785,0.3030243531006036
IC,RPS27,AKI,0.0430899,400,22.658056,18.96845,39.285995,-6.4691667556762695,6.4691667556762695,0.27875574965797867
IC,RPL41,AKI,0.019032262,400,43.55779,36.016346,77.56707,-13.233919143676758,13.233919143676758,0.2518714199452887
IC,ATP1B1,AKI,0.044123508,400,13.122783,15.387518,21.074387,-5.1081695556640625,5.1081695556640625,0.22539036043929173
IC,RPS15,AKI,0.047137547,400,16.52103,14.102537,28.27043,-4.66545295715332,4.66545295715332,0.21991800937079375
IC,SPINK1,AKI,0.058648124,400,22.463924,15.125787,22.365765,3.718148708343506,3.718148708343506,0.21806244775111594
IC,ACTB,AKI,0.03782736,400,10.557842,7.8171935,24.580616,-5.641062498092651,5.641062498092651,0.21338650965483819
IC,SERPING1,AKI,0.09898104,400,2.6683624,0.63692975,0.5832573,2.0582688450813293,2.0582688450813293,0.2037295862257027
IC,RPS24,AKI,0.030935992,400,23.17677,18.394032,40.71244,-6.376466751098633,6.376466751098633,0.19726232156560997
IC,RARRES3,AKI,0.070411585,400,6.1772294,2.778053,4.0285115,2.7739471197128296,2.7739471197128296,0.19531801415789918
IC,RPS4Y1,AKI,0.12963828,400,2.4050505,0.44682604,1.6498401,1.356717437505722,1.356717437505722,0.17588252107459912
IC,RPL30,AKI,0.025500542,400,16.436739,14.821056,30.62602,-6.286799430847168,6.286799430847168,0.16031679012107425
IC,XIST,AKI,0.12788868,400,0.43078586,1.3587474,1.9930602,-1.2451179325580597,1.2451179325580597,0.15923648822209202
IC,RPL13,AKI,0.033790704,400,22.75908,17.649773,37.129856,-4.630733489990234,4.630733489990234,0.1564757440282989
IC,MT-ATP8,AKI,0.07726559,400,1.9489696,2.3584654,5.400049,-1.9302877187728882,1.9302877187728882,0.14914482028942544
IC,RPL37A,AKI,0.04494096,400,7.196741,5.6567545,15.272807,-3.2680397033691406,3.2680397033691406,0.1468688404835774
IC,RPS29,AKI,0.06830552,400,8.047206,5.9869943,14.077078,-1.9848301410675049,1.9848301410675049,0.1355748592707542
IC,RPL24,AKI,0.028196469,400,13.534095,11.276112,25.284737,-4.746329307556152,4.746329307556152,0.13382972694374473
IC,IFITM3,AKI,0.08829001,400,2.7684278,1.3029864,1.3081616,1.4628538489341736,1.4628538489341736,0.12915538588499365
IC,RPL11,AKI,0.01899749,400,20.731602,17.561117,37.351933,-6.724923133850098,6.724923133850098,0.12775666271664932
IC,RPS28,AKI,0.019795137,400,22.064041,17.931183,38.945232,-6.374166488647461,6.374166488647461,0.12617749588367744
IC,CYBA,AKI,0.10878467,400,2.6570945,1.2167218,1.8254728,1.1359971761703491,1.1359971761703491,0.12357907582626115
IC,FAU,AKI,0.02575999,400,12.194231,10.69927,23.197695,-4.754251480102539,4.754251480102539,0.12246946771211142
IC,TSPAN1,AKI,0.051438797,400,3.599119,1.6042156,0.94023186,2.3268952071666718,2.3268952071666718,0.11969269081902423
IC,FAM24B,AKI,0.056358393,400,0.81649804,1.1911868,4.6630387,-2.1106147170066833,2.1106147170066833,0.11895085428720287
IC,HERPUD1,AKI,0.05201795,400,1.154164,1.125962,5.7370296,-2.277331829071045,2.277331829071045,0.11846213212841761
IC,RPS25,AKI,0.028660215,400,11.076348,9.583344,20.681946,-4.0562968254089355,4.0562968254089355,0.11625434089431153
IC,RPS14,AKI,0.021734936,400,15.709305,13.051352,28.621355,-5.127048492431641,5.127048492431641,0.11143607168673242
IC,AQP6,AKI,0.073418364,400,2.4039474,0.7172696,1.0601423,1.515241414308548,1.515241414308548,0.11124654559568681
IC,RPS12,AKI,0.021818848,400,31.301897,24.561434,48.09945,-5.0285444259643555,5.0285444259643555,0.10971704813470318
IC,S100A11,AKI,0.037840344,400,13.208182,8.817239,11.876033,2.861546516418457,2.861546516418457,0.10828190458699538
IC,MT-ND4,AKI,0.0048187864,400,115.85134,98.54429,178.0231,-22.432353973388672,22.432353973388672,0.10809672227614975
IC,FTH1,AKI,0.043982472,400,28.486843,17.81493,34.615498,2.2716293334960938,2.2716293334960938,0.09991187416986236
IC,RPL37,AKI,0.026512356,400,11.544441,8.865305,21.735062,-3.755742073059082,3.755742073059082,0.0995735726690814
IC,EGR1,AKI,0.05264927,400,0.73777014,1.1052779,4.111459,-1.8705981969833374,1.8705981969833374,0.09848563092458962
IC,HSP90AA1,AKI,0.030726418,400,4.319525,4.0165596,10.985526,-3.181518077850342,3.181518077850342,0.09775665401367206
IC,RPL10,AKI,0.019432887,400,25.55105,19.821026,41.22092,-4.96992301940918,4.96992301940918,0.09657995459659219
IC,RPL21,AKI,0.033733413,400,9.92132,8.346527,17.187185,-2.845536231994629,2.845536231994629,0.09598964784872521
IC,RHCG,AKI,0.038469803,400,4.7773867,4.2476435,10.27554,-2.4842052459716797,2.4842052459716797,0.09556688540116198
IC,RPS23,AKI,0.016926447,400,19.253557,16.071918,33.538834,-5.55181884765625,5.55181884765625,0.09397256708746227
IC,RACK1,AKI,0.039827254,400,6.884194,3.0862715,6.3109694,2.18557345867157,2.18557345867157,0.08704538855183985
IC,TOMM7,AKI,0.041168142,400,4.1184707,3.9199474,8.319966,-2.0014861822128296,2.0014861822128296,0.08239746758075794
IC,CEBPD,AKI,0.042002577,400,1.7165864,1.1990638,6.096474,-1.931182622909546,1.931182622909546,0.08111464746607577
IC,PFDN5,AKI,0.033406217,400,6.427564,5.8413024,11.761672,-2.3739230632781982,2.3739230632781982,0.07930378816515482
IC,RPL18,AKI,0.022165336,400,11.862987,9.900172,20.955654,-3.5649266242980957,3.5649266242980957,0.07901779542625675
IC,CYSTM1,AKI,0.029463792,400,5.9189134,4.9959435,12.190831,-2.674474000930786,2.674474000930786,0.07880014626056964
IC,ATP5D,AKI,0.026732685,400,0.5265677,2.0466769,4.8576202,-2.925580859184265,2.925580859184265,0.07820863168052106
IC,HLA-A,AKI,0.05150186,400,5.2292175,3.1057515,4.481506,1.4355888366699219,1.4355888366699219,0.07393549381866649
IC,RPL15,AKI,0.042013828,400,13.444142,9.887176,20.496365,-1.7476277351379395,1.7476277351379395,0.0734245305676513
IC,TMSB10,AKI,0.024284437,400,9.641021,5.5703692,7.7799373,2.965867519378662,2.965867519378662,0.07202442381082363
IC,JUND,AKI,0.019070825,400,2.5753787,2.4548185,10.230378,-3.767219662666321,3.767219662666321,0.0718439854472972
IC,S100A13,AKI,0.05703235,400,3.6830115,1.9337354,2.9791732,1.2265572547912598,1.2265572547912598,0.0699534432031701
IC,CHCHD2,AKI,0.0323992,400,6.549167,5.2874084,12.0999975,-2.144535779953003,2.144535779953003,0.06948124343385764
IC,C14orf2,AKI,0.03493382,400,0.49030834,1.4216058,3.5180168,-1.9795029759407043,1.9795029759407043,0.06915160137717624
IC,RPS10,AKI,0.055947315,400,7.4634485,7.379613,10.014625,-1.2336702346801758,1.2336702346801758,0.06902053716143186
IC,RTN4,AKI,0.019274138,400,10.588294,10.556553,17.557835,-3.468899726867676,3.468899726867676,0.06686005174611154
IC,RPL35,AKI,0.024183672,400,10.644801,8.448038,18.316605,-2.737520217895508,2.737520217895508,0.06620329082803522
IC,NDUFA4,AKI,0.020052504,400,15.525164,12.250581,25.397427,-3.298840045928955,3.298840045928955,0.06615000253821357
IC,ADGRG1,AKI,0.110228606,400,0.9370029,0.3298372,0.36240062,0.5908839851617813,0.5908839851617813,0.06513231773708761
IC,RPL34,AKI,0.0096676275,400,20.227083,16.717216,37.155605,-6.709327697753906,6.709327697753906,0.06486328104728045
IC,IFITM2,AKI,0.05828042,400,1.7085966,0.6449489,0.59865075,1.086796760559082,1.086796760559082,0.06333897117997012
IC,RPL35A,AKI,0.015168063,400,11.637678,9.614479,22.009838,-4.174480438232422,4.174480438232422,0.063318783709434
IC,ATP5F1D,AKI,0.03333853,400,6.2972674,2.955977,5.8496327,1.8944625854492188,1.8944625854492188,0.06315860124698247
IC,CTSD,AKI,0.043522056,400,9.368692,5.8177996,10.0394945,1.4400453567504883,1.4400453567504883,0.06267373493575334
IC,RPS13,AKI,0.012861777,400,14.3085785,12.022361,25.937294,-4.671248912811279,4.671248912811279,0.060080562281120464
IC,MMP7,AKI,0.017664198,400,4.153182,1.0764623,0.47194362,3.3789790868759155,3.3789790868759155,0.05968695506193589
IC,MIF,AKI,0.05022243,400,6.915417,6.8805394,9.2857065,-1.167705774307251,1.167705774307251,0.05864502195236643
IC,RPL6,AKI,0.021495137,400,11.179812,8.310131,19.387184,-2.6688451766967773,2.6688451766967773,0.057367193675471384
IC,SMIM6,AKI,0.043552097,400,1.5220187,1.7301903,3.9254522,-1.305802583694458,1.305802583694458,0.056870440700588
IC,IL18,AKI,0.0711731,400,3.7270296,1.9108254,3.9533255,0.7949541211128235,0.7949541211128235,0.05657935047985241
IC,GPR116,AKI,0.033445824,400,0.5526581,1.2970145,3.1555703,-1.6736342906951904,1.6736342906951904,0.0559760778226126
IC,EEF1A1,AKI,0.009244628,400,38.308876,29.245636,59.218117,-5.923000335693359,5.923000335693359,0.05475593623165764
IC,COX7C,AKI,0.015375486,400,14.340767,10.227936,25.452452,-3.49942684173584,3.49942684173584,0.05380538716644345
IC,LDHA,AKI,0.049226705,400,3.903363,2.4015582,3.2915642,1.0568017959594727,1.0568017959594727,0.05202287023721297
IC,BTG2,AKI,0.033650927,400,0.3685706,0.56246877,3.2630646,-1.5441960990428925,1.5441960990428925,0.05196363058185782
IC,RPS21,AKI,0.03513547,400,10.0729475,7.756602,15.340433,-1.4755699634552002,1.4755699634552002,0.05184484467187467
IC,G0S2,AKI,0.017934626,400,0.86665404,1.9051793,5.564189,-2.868030071258545,2.868030071258545,0.051437046593965086
IC,C19orf77,AKI,0.041868232,400,0.16687661,0.9378247,1.8384079,-1.221239686012268,1.221239686012268,0.05113114673434804
IC,ATP6V1G3,AKI,0.03371043,400,4.689189,3.8951805,8.490084,-1.5034431219100952,1.5034431219100952,0.05068171608596517
IC,FOS,AKI,0.012656653,400,4.441698,4.4812136,12.17069,-3.88425350189209,3.88425350189209,0.04916164990247829
IC,CITED4,AKI,0.06152034,400,2.088745,0.9970827,1.5944164,0.7929955720901489,0.7929955720901489,0.04878535862799582
IC,APOC1,AKI,0.04575,400,0.66296124,1.1314002,2.2843583,-1.0449180006980896,1.0449180006980896,0.047804998095963835
IC,RPS2,AKI,0.03521776,400,7.0631557,4.670039,12.16857,-1.3561487197875977,1.3561487197875977,0.04776051778909718
IC,TPT1,AKI,0.010562493,400,19.417694,13.811606,34.04294,-4.509578227996826,4.509578227996826,0.04763238636704248
IC,ID3,AKI,0.038573433,400,0.90923023,1.1606226,3.1043696,-1.2232658863067627,1.2232658863067627,0.04718556435647603
IC,PRDX1,AKI,0.03930056,400,5.1385856,4.6579995,7.96442,-1.172624111175537,1.172624111175537,0.04608478535413951
IC,NDUFB8.1,AKI,0.02884469,400,0.21459617,1.1725751,2.3819914,-1.5626870840787888,1.5626870840787888,0.04507522442966441
IC,NACA,AKI,0.017472306,400,8.017088,6.3787017,14.798801,-2.5716636180877686,2.5716636180877686,0.04493289434945735
IC,RPL38,AKI,0.02407818,400,5.649896,4.2061524,10.809438,-1.8578989505767822,1.8578989505767822,0.044734823776107824
IC,ATP6V0B,AKI,0.032879695,400,12.577518,9.268461,18.602793,-1.3581085205078125,1.3581085205078125,0.04465419433358875
IC,CD9,AKI,0.022048352,400,11.544838,9.506184,17.600975,-2.0087413787841797,2.0087413787841797,0.04428943757134007
IC,ADGRF1,AKI,0.044269413,400,1.6605816,0.778863,0.56203794,0.9901311099529266,0.9901311099529266,0.04383252278902905
IC,PTMA,AKI,0.025450215,400,10.569993,8.277173,16.295408,-1.7162976264953613,1.7162976264953613,0.0436801431582623
IC,KLF6,AKI,0.034303118,400,0.42166826,0.4545838,2.9344149,-1.272831067442894,1.272831067442894,0.043662073719459904
IC,HLA-DRB1,AKI,0.04710713,400,1.5499458,0.8690973,0.38688242,0.9219559729099274,0.9219559729099274,0.04343070013666139
IC,IER3,AKI,0.017385472,400,0.5667394,0.5642836,5.5487986,-2.4898017048835754,2.4898017048835754,0.043286376860298015
IC,HSPA8,AKI,0.030386534,400,2.5809784,1.9553819,6.040777,-1.4171011447906494,1.4171011447906494,0.04306079153401665
IC,ATP5A1,AKI,0.04375442,400,0.17690673,0.7885093,1.5274187,-0.9810572862625122,0.9810572862625122,0.04292559369946769
IC,RPS7,AKI,0.017818773,400,10.326905,8.251662,17.207962,-2.402906894683838,2.402906894683838,0.042816852893815316
IC,RPL36,AKI,0.010898113,400,16.680052,13.167054,28.022871,-3.9149107933044434,3.9149107933044434,0.04266514119194653
IC,ZBTB20,AKI,0.06161563,400,1.8797871,1.2245111,1.1591676,0.687947690486908,0.687947690486908,0.04238833103354711
IC,EIF1AX,AKI,0.071307205,400,0.8187512,0.9305147,1.8852555,-0.5891338586807251,0.5891338586807251,0.0420094886352933
IC,EIF1,AKI,0.012281326,400,13.012322,8.861825,23.957142,-3.3971610069274902,3.3971610069274902,0.041721640597102816
IC,SLC26A7,AKI,0.0543404,400,7.8350825,5.654246,8.498428,0.7587454319000244,0.7587454319000244,0.04123053011718447
IC,SHFM1,AKI,0.03896148,400,0.13309506,0.6752143,1.7057145,-1.0573693215847015,1.0573693215847015,0.04119667505326341
IC,GNB2L1,AKI,0.01259487,400,0.3184514,2.1123743,4.937059,-3.2062652111053467,3.2062652111053467,0.04038249445450259
IC,RPS27A,AKI,0.008605735,400,17.96832,14.687489,30.615984,-4.683415412902832,4.683415412902832,0.04030423370155667
IC,RPL27,AKI,0.023233926,400,6.2913113,4.9686904,11.0504265,-1.7182471752166748,1.7182471752166748,0.03992162758759976
IC,DUSP1,AKI,0.019778011,400,1.5999357,1.5690352,5.59644,-1.9828018546104431,1.9828018546104431,0.03921587761844869
IC,COA3,AKI,0.028595705,400,2.685189,2.402527,5.671577,-1.3518630266189575,1.3518630266189575,0.03865747574900391
IC,ATP5PF,AKI,0.025381267,400,5.925027,2.7466786,6.059464,1.5219556093215942,1.5219556093215942,0.03862916179004827
IC,SEC61G,AKI,0.03528399,400,3.0358453,2.8960166,5.3295264,-1.0769262313842773,1.0769262313842773,0.03799825459895345
IC,EPCAM,AKI,0.03546171,400,5.3284025,5.308007,7.430101,-1.0406513214111328,1.0406513214111328,0.03690327422972928
IC,RPL7A,AKI,0.010852304,400,16.072948,12.384658,26.538141,-3.388451099395752,3.388451099395752,0.036772502393125794
IC,ATP6V1B1,AKI,0.017575178,400,1.5268909,2.1867263,5.010867,-2.0719058513641357,2.0719058513641357,0.036414114748953175
IC,ATP5G3,AKI,0.010829158,400,0.5847702,2.241608,5.6483245,-3.3601959943771362,3.3601959943771362,0.03638809376185659
IC,COX7B,AKI,0.023658248,400,10.611683,7.5340257,16.763561,-1.5371105670928955,1.5371105670928955,0.036365342484112606
IC,RPLP1,AKI,0.010642674,400,30.139868,22.44652,44.631737,-3.3992605209350586,3.3992605209350586,0.036177220954389355
IC,ATP5O,AKI,0.021493254,400,0.21915932,1.2337418,2.5354538,-1.6654384583234787,1.6654384583234787,0.035795692188210465
IC,CD74,AKI,0.012944927,400,4.0398912,1.8089994,0.8618199,2.7044815719127655,2.7044815719127655,0.03500931770877652
IC,GLTSCR2,AKI,0.052406054,400,0.053282496,0.44341552,0.99777776,-0.6673141457140446,0.6673141457140446,0.0349713011486648
IC,KRT18,AKI,0.019461758,400,3.1230993,2.1039693,7.734851,-1.7963107824325562,1.7963107824325562,0.03495936652147957
IC,MPC1,AKI,0.035894133,400,2.907734,2.144524,5.610609,-0.9698326587677002,0.9698326587677002,0.03481130258758647
IC,USMG5,AKI,0.011418772,400,0.76724017,2.0453541,5.5679536,-3.0394136905670166,3.0394136905670166,0.034706371733622676
IC,GAPDH,AKI,0.028961988,400,12.124617,7.617497,14.238896,1.1964199542999268,1.1964199542999268,0.03465070055797037
IC,COX17,AKI,0.041221216,400,2.3094404,1.8709569,4.417999,-0.8350374698638916,0.8350374698638916,0.03442126018139291
IC,RPS8,AKI,0.020472197,400,15.993162,11.393565,23.914223,-1.6607317924499512,1.6607317924499512,0.03399882819018618
IC,PPDPF,AKI,0.04238175,400,9.75794,6.8026004,11.111582,0.800849199295044,0.800849199295044,0.03394138939667002
IC,NUPR1L,AKI,0.04178774,400,0.03850449,0.679392,1.0215305,-0.8119567558169365,0.8119567558169365,0.033929837675950064
IC,RPS18,AKI,0.005469393,400,24.696152,19.953938,41.842133,-6.201883316040039,6.201883316040039,0.033920537103192316
IC,SLC4A1,AKI,0.032371987,400,3.5630813,1.8690531,3.161988,1.047560691833496,1.047560691833496,0.033911620738830806
IC,ATP5F1B,AKI,0.018350331,400,5.210045,2.0875607,4.655591,1.8384690284729004,1.8384690284729004,0.0337365154129996
IC,MT2A,AKI,0.026032891,400,4.708272,2.6745682,4.166745,1.2876152992248535,1.2876152992248535,0.03352034889494426
IC,CIRBP,AKI,0.03953707,400,2.7941747,2.5015855,4.755025,-0.8341305255889893,0.8341305255889893,0.03297907569179426
IC,CAPG,AKI,0.05394742,400,2.542769,2.4715312,3.8293145,-0.6076538562774658,0.6076538562774658,0.03278135714790409
IC,ATP5MC3,AKI,0.014311462,400,7.673881,3.3660026,7.48218,2.2497897148132324,2.2497897148132324,0.03219777935784096
IC,HSP90AB1,AKI,0.025340082,400,2.7877948,2.3694847,5.747194,-1.270544409751892,1.270544409751892,0.03219569968514402
IC,COX7A1,AKI,0.029193649,400,2.7257607,2.005638,5.6404433,-1.0972799062728882,1.0972799062728882,0.032033604513619585
IC,ATP5I,AKI,0.011879596,400,0.6482376,1.7935176,4.819251,-2.6581467390060425,2.6581467390060425,0.031577709176441204
IC,UAP1,AKI,0.031333603,400,0.74763554,0.64599043,2.8515043,-1.0011118352413177,1.0011118352413177,0.03136844076889189
IC,RPL14,AKI,0.009474978,400,10.974974,9.050374,19.486359,-3.2933926582336426,3.2933926582336426,0.03120482249112655
IC,ATP5L,AKI,0.007931515,400,0.6688457,2.7014046,6.499965,-3.931839168071747,3.931839168071747,0.0311854399360037
IC,ATP5ME,AKI,0.035342835,400,5.3897877,2.6500742,6.3743877,0.8775566816329956,0.8775566816329956,0.031015340905473643
IC,TMEM66,AKI,0.030328622,400,0.11238104,0.70291597,1.4995742,-0.9888640344142914,0.9888640344142914,0.02999088359600416
IC,SNHG8,AKI,0.056636773,400,1.2020907,1.0308673,2.4289613,-0.5278235673904419,0.5278235673904419,0.029894223596644842
IC,CD151,AKI,0.05125303,400,1.3896095,0.64349836,0.971111,0.5823047757148743,0.5823047757148743,0.029844883098848474
IC,COX8A,AKI,0.013915181,400,9.555172,7.1964793,16.147245,-2.1166903972625732,2.1166903972625732,0.02945413033748423
IC,MMP24OS,AKI,0.03773459,400,1.922311,0.75851166,1.5254467,0.7803317904472351,0.7803317904472351,0.02944550054386541
IC,SUMO2,AKI,0.037085418,400,3.5123367,3.1197104,5.4923663,-0.7937016487121582,0.7937016487121582,0.029434757138405487
IC,PTP4A3,AKI,0.09909645,400,0.53585356,0.1722688,0.31051764,0.29446034878492355,0.29446034878492355,0.02917997441451159
IC,COX6C,AKI,0.010299601,400,9.202504,7.208427,16.837725,-2.8205716609954834,2.8205716609954834,0.02905076174342547
IC,SPCS1,AKI,0.04226797,400,2.6497636,2.236593,4.4345365,-0.6858011484146118,0.6858011484146118,0.028987422875192514
IC,ATP5MG,AKI,0.011317418,400,8.406506,3.7498214,7.979092,2.5420488119125366,2.5420488119125366,0.028769428871226466
IC,RPL32,AKI,0.005414149,400,19.442497,15.916016,33.56559,-5.298305511474609,5.298305511474609,0.02868581438790585
IC,LINC00671,AKI,0.04280991,400,0.5524251,0.79155856,1.6490158,-0.6678620874881744,0.6678620874881744,0.02859111657389879
IC,EIF3K,AKI,0.036471695,400,4.8779993,3.6762161,7.64653,-0.7833738327026367,0.7833738327026367,0.028570971268464973
IC,S100A2,AKI,0.03629914,400,5.635524,1.6597863,8.040307,0.7854771018028259,0.7854771018028259,0.028512142704860466
IC,UBL5,AKI,0.017749775,400,6.5474577,5.3301983,10.973007,-1.6041450500488281,1.6041450500488281,0.0284732140282955
IC,ALDOA,AKI,0.012931103,400,0.72575593,2.020509,3.8332858,-2.2011414766311646,2.2011414766311646,0.028463186902711657
IC,RPL26,AKI,0.007319093,400,17.436798,14.315443,28.284626,-3.863236427307129,3.863236427307129,0.028275387527721296
IC,NDUFS5,AKI,0.025184613,400,5.8269477,4.6300006,9.257557,-1.1168310642242432,1.1168310642242432,0.028126957827498522
IC,GPX1,AKI,0.016944466,400,0.36312032,1.4550588,2.5889668,-1.6588925123214722,1.6588925123214722,0.028109048036031092
IC,HLA-C,AKI,0.022880172,400,6.36572,4.2501574,6.0522413,1.2145204544067383,1.2145204544067383,0.027788437327883386
IC,RPS3,AKI,0.0072851465,400,13.376223,11.042287,23.288494,-3.789167881011963,3.789167881011963,0.027604643157966402
IC,RPL5,AKI,0.011068347,400,10.228882,7.8564367,17.540424,-2.4695487022399902,2.4695487022399902,0.02733382174797372
IC,RPL22,AKI,0.013776387,400,7.2092347,5.6580987,12.724826,-1.9822275638580322,1.9822275638580322,0.027307934216213026
IC,RPS6,AKI,0.009842972,400,13.503953,10.575391,21.980152,-2.7738184928894043,2.7738184928894043,0.02730261851069793
IC,HMGN2,AKI,0.055571865,400,1.2640525,1.3197669,2.1815531,-0.48660749197006226,0.48660749197006226,0.027041685993061337
IC,SEPW1,AKI,0.02032343,400,0.17320432,0.87980074,2.1190958,-1.3262439519166946,1.3262439519166946,0.02695382513387551
IC,RPL19,AKI,0.010452863,400,16.436193,12.366599,25.631348,-2.5627799034118652,2.5627799034118652,0.0267883867912051
IC,DYNLT3,AKI,0.05696457,400,1.3968221,0.61057407,1.245154,0.4689580500125885,0.4689580500125885,0.026713993101336042
IC,SEPP1,AKI,0.018110042,400,0.29729304,1.0858537,2.414143,-1.4527053534984589,1.4527053534984589,0.02630855560163764
IC,RPS3A,AKI,0.0048103933,400,15.922766,13.337927,29.221241,-5.356818199157715,5.356818199157715,0.02576840249378476
IC,UBC,AKI,0.019976115,400,3.3654087,2.582893,6.7214346,-1.286755084991455,1.286755084991455,0.025704367367036518
IC,PNRC1,AKI,0.04792019,400,0.69440365,0.72936785,1.7296209,-0.5350907444953918,0.5350907444953918,0.025641650035307162
IC,ERH,AKI,0.042912427,400,1.8049983,1.6614704,3.1389885,-0.5952311754226685,0.5952311754226685,0.02554281456343377
IC,ZFAND5,AKI,0.0482897,400,0.601445,0.47837618,1.7756512,-0.5255686789751053,0.5255686789751053,0.02537955454272356
IC,RPS11,AKI,0.02125959,400,3.9172592,3.1318543,7.0264626,-1.161899209022522,1.161899209022522,0.024701499783538194
IC,ATP5IF1,AKI,0.023218583,400,3.9490736,2.023671,3.7532275,1.060624361038208,1.060624361038208,0.024626195093332193
IC,MT-ND3,CKD,0.047269613,400,182.62604,172.41455,448.7763,-143.28662109375,143.28662109375,6.773103062805603
IC,MT-CO2,CKD,0.040707782,400,213.85739,172.91487,449.3489,-158.6882781982422,158.6882781982422,6.459847820709683
IC,MT-CO1,CKD,0.023831412,400,236.62917,200.96255,431.81885,-133.2614517211914,133.2614517211914,3.175808585826303
IC,MT-ATP6,CKD,0.041580673,400,114.6714,88.09515,190.44919,-64.46514129638672,64.46514129638672,2.6805039799462804
IC,MALAT1,CKD,0.020554485,400,130.95297,107.49526,307.91855,-111.94049835205078,111.94049835205078,2.3008792718261617
IC,MT-CO3,CKD,0.015308699,400,127.9708,129.9532,268.17453,-68.11946487426758,68.11946487426758,1.0428203592287488
IC,MT-CYB,CKD,0.016501842,400,66.4086,58.330578,162.62872,-56.18808364868164,56.18808364868164,0.9272068823980177
IC,S100A6,CKD,0.038629007,400,34.722355,18.82135,33.120674,-15.100164413452148,15.100164413452148,0.5833043507040614
IC,MT-ND5,CKD,0.09409524,400,18.006086,21.635935,37.22572,-5.979968070983887,5.979968070983887,0.5626865161992995
IC,RPL11,CKD,0.041745618,400,20.731602,17.561117,37.351933,-11.480649948120117,11.480649948120117,0.4792668269620606
IC,SPINK1,CKD,0.064263284,400,22.463924,15.125787,22.365765,-7.289057731628418,7.289057731628418,0.4684187886044242
IC,RPS24,CKD,0.032150585,400,23.17677,18.394032,40.71244,-13.550573348999023,13.550573348999023,0.4356588630249618
IC,B2M,CKD,0.027915929,400,42.400726,26.57096,41.642025,-15.450416564941406,15.450416564941406,0.4313127243200654
IC,MT-ND4,CKD,0.007873072,400,115.85134,98.54429,178.0231,-48.3929328918457,48.3929328918457,0.38100105893085967
IC,MT-ND1,CKD,0.0135007575,400,36.12844,36.770008,93.62432,-28.106372833251953,28.106372833251953,0.37945732426001655
IC,WFDC2,CKD,0.034885183,400,36.526966,13.867877,12.044047,-10.417629718780518,10.417629718780518,0.3634209189234028
IC,EIF1,CKD,0.037116464,400,13.012322,8.861825,23.957142,-9.622907161712646,9.622907161712646,0.3571682894316641
IC,SPP1,CKD,0.030446282,400,26.636858,2.9406412,1.5475882,-11.151581943035126,11.151581943035126,0.33952420475455736
IC,RPS26,CKD,0.09717342,400,13.004946,11.413513,16.699907,-3.438913345336914,3.438913345336914,0.33417097970522036
IC,RPS12,CKD,0.021412766,400,31.301897,24.561434,48.09945,-15.139239311218262,15.139239311218262,0.3241729828429971
IC,COX7C,CKD,0.03237295,400,14.340767,10.227936,25.452452,-9.668673515319824,9.668673515319824,0.3130034988539592
IC,MT-ND2,CKD,0.010329205,400,45.354656,48.68121,111.51724,-29.75473976135254,29.75473976135254,0.307342795156357
IC,RPS28,CKD,0.024085283,400,22.064041,17.931183,38.945232,-12.573453903198242,12.573453903198242,0.3028351990592455
IC,RPS27,CKD,0.024589505,400,22.658056,18.96845,39.285995,-12.003575325012207,12.003575325012207,0.2951619760317037
IC,RPS15,CKD,0.03476157,400,16.52103,14.102537,28.27043,-8.293192863464355,8.293192863464355,0.28828440751465934
IC,RPL39,CKD,0.025087368,400,23.343723,20.65642,40.894417,-11.462650299072266,11.462650299072266,0.287567723365143
IC,RPS27A,CKD,0.02879054,400,17.96832,14.687489,30.615984,-9.604663848876953,9.604663848876953,0.2765234503770486
IC,CD24,CKD,0.08228935,400,8.506189,2.510363,2.985357,-3.2354100942611694,3.2354100942611694,0.266239803388606
IC,RPL36,CKD,0.028591845,400,16.680052,13.167054,28.022871,-9.184407234191895,9.184407234191895,0.2625991497520097
IC,TMEM101,CKD,0.10060807,400,2.2018294,1.2296731,5.3973217,-2.5699024200439453,2.5699024200439453,0.25855293072827124
IC,RPS23,CKD,0.02383508,400,19.253557,16.071918,33.538834,-10.3242769241333,10.3242769241333,0.24607996379058683
IC,RPS29,CKD,0.048261356,400,8.047206,5.9869943,14.077078,-5.07514762878418,5.07514762878418,0.24493350447941253
IC,COX6B1,CKD,0.046030067,400,9.086966,6.074415,13.36909,-5.1536126136779785,5.1536126136779785,0.2372211334224481
IC,RPS2,CKD,0.047305822,400,7.0631557,4.670039,12.16857,-4.945823431015015,4.945823431015015,0.23396624471303085
IC,RPL13,CKD,0.018665558,400,22.75908,17.649773,37.129856,-12.294695854187012,12.294695854187012,0.22948735520491148
IC,COX7B,CKD,0.036463875,400,10.611683,7.5340257,16.763561,-6.1535964012146,6.1535964012146,0.22438397196523674
IC,APOE,CKD,0.053552434,400,11.947056,10.992779,18.340868,-4.151183128356934,4.151183128356934,0.22230595987385016
IC,RPS4X,CKD,0.025674233,400,16.35226,15.635276,31.995123,-8.538415908813477,8.538415908813477,0.21921728131303908
IC,GAPDH,CKD,0.037086125,400,12.124617,7.617497,14.238896,-5.5642595291137695,5.5642595291137695,0.2063568270067826
IC,FTL,CKD,0.022152007,400,20.271564,14.044646,26.255959,-9.219115257263184,9.219115257263184,0.2042219022659424
IC,PPIA,CKD,0.043904833,400,9.216976,6.2263355,12.505784,-4.635044574737549,4.635044574737549,0.20350086029861458
IC,RPL9,CKD,0.03142629,400,10.041027,8.219353,19.148422,-6.375371932983398,6.375371932983398,0.20035427566845954
IC,RPS14,CKD,0.02152456,400,15.709305,13.051352,28.621355,-9.113978385925293,9.113978385925293,0.1961743719311393
IC,RPS25,CKD,0.03033874,400,11.076348,9.583344,20.681946,-6.295802593231201,6.295802593231201,0.1910067178180741
IC,CHCHD2,CKD,0.0465193,400,6.549167,5.2874084,12.0999975,-4.0371739864349365,4.0371739864349365,0.1878065152221442
IC,RPL5,CKD,0.03041584,400,10.228882,7.8564367,17.540424,-6.028216361999512,6.028216361999512,0.18335326704626453
IC,RPL24,CKD,0.022491073,400,13.534095,11.276112,25.284737,-8.133304119110107,8.133304119110107,0.18292673859250375
IC,MT-ND4L,CKD,0.04993018,400,22.419624,29.067339,42.73485,-3.509899139404297,3.509899139404297,0.1752499005657029
IC,DEFB1,CKD,0.004367388,400,47.244015,34.072758,100.08641,-39.59245491027832,39.59245491027832,0.17291560666788364
IC,TPT1,CKD,0.013203958,400,19.417694,13.811606,34.04294,-12.918709754943848,12.918709754943848,0.17057810165686682
IC,S100A2,CKD,0.03291522,400,5.635524,1.6597863,8.040307,-5.178129076957703,5.178129076957703,0.17043925601957888
IC,RPL41,CKD,0.006816183,400,43.55779,36.016346,77.56707,-24.546083450317383,24.546083450317383,0.16731060205393966
IC,RPL15,CKD,0.023603559,400,13.444142,9.887176,20.496365,-7.083077907562256,7.083077907562256,0.16718584403696468
IC,RPLP2,CKD,0.047403134,400,6.008709,4.031961,9.052185,-3.498486042022705,3.498486042022705,0.16583920406616315
IC,SERF2,CKD,0.023479732,400,14.365403,10.028929,19.458584,-6.8830647468566895,6.8830647468566895,0.16161251389795073
IC,ITM2B,CKD,0.053540792,400,14.818694,12.675911,16.197102,-2.831986904144287,2.831986904144287,0.1516268226769828
IC,RPL38,CKD,0.034833346,400,5.649896,4.2061524,10.809438,-4.02351450920105,4.02351450920105,0.14015247127360464
IC,ACTG1,CKD,0.014213018,400,7.846985,5.792261,23.399319,-9.830890655517578,9.830890655517578,0.1397266270160742
IC,SLC26A7,CKD,0.0551971,400,7.8350825,5.654246,8.498428,-2.51250958442688,2.51250958442688,0.13868324551210431
IC,RPL35,CKD,0.022614209,400,10.644801,8.448038,18.316605,-6.032664775848389,6.032664775848389,0.13642394195573448
IC,FTH1,CKD,0.00981153,400,28.486843,17.81493,34.615498,-13.73624038696289,13.73624038696289,0.13477353312882911
IC,IGFBP7,CKD,0.01838886,400,18.148369,14.237005,24.954096,-7.314227104187012,7.314227104187012,0.13450029769794725
IC,EEF1A1,CKD,0.006799766,400,38.308876,29.245636,59.218117,-19.517860412597656,19.517860412597656,0.13271688094310008
IC,RPL32,CKD,0.012498161,400,19.442497,15.916016,33.56559,-10.588027954101562,10.588027954101562,0.13233087618127115
IC,RPS8,CKD,0.0153260585,400,15.993162,11.393565,23.914223,-8.560127258300781,8.560127258300781,0.1311930110602333
IC,RPL8,CKD,0.013307655,400,18.501808,14.081728,29.16597,-9.752161026000977,9.752161026000977,0.12977839668306856
IC,UQCRB,CKD,0.023108698,400,9.160689,6.7317057,15.520064,-5.608671188354492,5.608671188354492,0.1296090910716856
IC,RPS10,CKD,0.093534835,400,7.4634485,7.379613,10.014625,-1.3594236373901367,1.3594236373901367,0.12715346518736936
IC,LGALS3,CKD,0.021721032,400,10.112691,6.311385,14.125632,-5.80777645111084,5.80777645111084,0.1261508953370516
IC,RPL37,CKD,0.015935652,400,11.544441,8.865305,21.735062,-7.774446487426758,7.774446487426758,0.12389087338964089
IC,CEBPD,CKD,0.04553721,400,1.7165864,1.1990638,6.096474,-2.70746648311615,2.70746648311615,0.12329047251957714
IC,RPL3,CKD,0.01267987,400,17.41268,13.435943,28.794243,-9.667518615722656,9.667518615722656,0.12258288159392094
IC,TOMM7,CKD,0.05310549,400,4.1184707,3.9199474,8.319966,-2.2992711067199707,2.2992711067199707,0.12210391513128371
IC,SLC25A6,CKD,0.03517989,400,5.543585,3.1882126,7.621076,-3.394117832183838,3.394117832183838,0.11940469433278977
IC,RPL35A,CKD,0.01640442,400,11.637678,9.614479,22.009838,-7.2092790603637695,7.2092790603637695,0.11826404259400647
IC,PTMA,CKD,0.022928601,400,10.569993,8.277173,16.295408,-5.155527591705322,5.155527591705322,0.11820903576926778
IC,COX4I1,CKD,0.022335887,400,10.029538,7.3087835,15.149078,-5.280524730682373,5.280524730682373,0.11794520344898274
IC,RACK1,CKD,0.03356039,400,6.884194,3.0862715,6.3109694,-3.51131010055542,3.51131010055542,0.11784094170694637
IC,RPLP1,CKD,0.007726482,400,30.139868,22.44652,44.631737,-14.939282417297363,14.939282417297363,0.11542809841842949
IC,S100A10,CKD,0.026383484,400,7.823192,5.02243,10.858267,-4.3182995319366455,4.3182995319366455,0.11393178566844187
IC,SAT1,CKD,0.035024624,400,5.0637136,3.33715,8.0286665,-3.2090399265289307,3.2090399265289307,0.1123954178477673
IC,ACTB,CKD,0.011443299,400,10.557842,7.8171935,24.580616,-9.75203561782837,9.75203561782837,0.1115954617872501
IC,NDUFA4,CKD,0.0134216305,400,15.525164,12.250581,25.397427,-8.210714340209961,8.210714340209961,0.1102011739073454
IC,ATP5MG,CKD,0.024687154,400,8.406506,3.7498214,7.979092,-4.442977428436279,4.442977428436279,0.1096844689653631
IC,IL18,CKD,0.05662789,400,3.7270296,1.9108254,3.9533255,-1.9293521642684937,1.9293521642684937,0.1092551387192695
IC,RPS4Y1,CKD,0.06911232,400,2.4050505,0.44682604,1.6498401,-1.5806192755699158,1.5806192755699158,0.10924027026813343
IC,COX5B,CKD,0.018182805,400,10.189025,7.62779,17.033113,-5.983279228210449,5.983279228210449,0.10879279831843469
IC,MPC1,CKD,0.050836343,400,2.907734,2.144524,5.610609,-2.114647388458252,2.114647388458252,0.10750094063664939
IC,NDUFB7,CKD,0.047447797,400,4.1337957,3.2083693,6.7814317,-2.249244451522827,2.249244451522827,0.1067216939390514
IC,RPL34,CKD,0.008910966,400,20.227083,16.717216,37.155605,-11.974127769470215,11.974127769470215,0.10670104669977842
IC,RPL23A,CKD,0.030918546,400,5.8212237,4.4701996,9.990154,-3.4354894161224365,3.4354894161224365,0.10622033761698724
IC,UBL5,CKD,0.030958168,400,6.5474577,5.3301983,10.973007,-3.4300341606140137,3.4300341606140137,0.10618757450552962
IC,RTN4,CKD,0.030120246,400,10.588294,10.556553,17.557835,-3.5165114402770996,3.5165114402770996,0.10591819003802883
IC,SUB1,CKD,0.062532164,400,3.310276,2.637589,5.351695,-1.6933965682983398,1.6933965682983398,0.10589175219077873
IC,RPL28,CKD,0.009512449,400,22.513039,15.233915,29.579021,-10.812114715576172,10.812114715576172,0.10284968639074776
IC,RPS7,CKD,0.018401071,400,10.326905,8.251662,17.207962,-5.515771389007568,5.515771389007568,0.10149610331655623
IC,RPL19,CKD,0.011706854,400,16.436193,12.366599,25.631348,-8.667171478271484,8.667171478271484,0.10146531296773631
IC,COX5A,CKD,0.032606076,400,5.3393173,3.64425,8.12372,-3.087268829345703,3.087268829345703,0.10066372346874175
IC,CTSD,CKD,0.025680203,400,9.368692,5.8177996,10.0394945,-3.886293888092041,3.886293888092041,0.09980081592799372
IC,MINOS1,CKD,0.032875016,400,4.111761,3.0674474,8.07,-3.023432970046997,3.023432970046997,0.09939540826801263
IC,RPL26,CKD,0.0116215525,400,17.436798,14.315443,28.284626,-8.545269012451172,8.545269012451172,0.09930929262145938
IC,RPS9,CKD,0.01650749,400,11.48379,9.41509,19.371405,-6.012507915496826,6.012507915496826,0.09925141192549436
IC,RNASEK,CKD,0.0629287,400,1.3199826,2.3610566,0.26467216,1.5687291622161865,1.5687291622161865,0.09871808519411651
IC,CKB,CKD,0.01892825,400,9.947805,6.809213,14.0510025,-5.19019079208374,5.19019079208374,0.09824123040643773
IC,RASD1,CKD,0.047854837,400,1.1278169,0.41606697,3.7200203,-2.007851630449295,2.007851630449295,0.09608541255591685
IC,RPL30,CKD,0.011022294,400,16.436739,14.821056,30.62602,-8.710323333740234,8.710323333740234,0.09600774409855006
IC,RPL37A,CKD,0.016931707,400,7.196741,5.6567545,15.272807,-5.578019618988037,5.578019618988037,0.09444539404915187
IC,RPL10,CKD,0.0069607757,400,25.55105,19.821026,41.22092,-13.564959526062012,13.564959526062012,0.09442264068379203
IC,RPL6,CKD,0.01349138,400,11.179812,8.310131,19.387184,-6.973367214202881,6.973367214202881,0.09408034716458191
IC,RPS5,CKD,0.02371313,400,8.192634,6.7882147,13.308167,-3.962185859680176,3.962185859680176,0.09395583037127508
IC,DYNLL1,CKD,0.037944973,400,4.49824,3.312437,7.04368,-2.4585230350494385,2.4585230350494385,0.09328858899270642
IC,RPS19,CKD,0.013401332,400,15.004104,11.655613,22.027004,-6.859941005706787,6.859941005706787,0.09193234905361125
IC,H3F3B,CKD,0.03473252,400,4.8473616,3.8579855,8.139266,-2.6353282928466797,2.6353282928466797,0.09153159416712242
IC,NR4A1,CKD,0.049757034,400,0.10745094,0.18046302,3.8580418,-1.8022833354771137,1.8022833354771137,0.08967627245572773
IC,NDUFV2,CKD,0.06575121,400,2.6752224,2.1339314,4.2808747,-1.3441171646118164,1.3441171646118164,0.08837732976020618
IC,KRT8,CKD,0.03144965,400,2.8134227,1.7832083,6.223645,-2.7353256940841675,2.7353256940841675,0.0860250343006963
IC,S100A11,CKD,0.022767024,400,13.208182,8.817239,11.876033,-3.7248687744140625,3.7248687744140625,0.0848041772112822
IC,SLC25A5,CKD,0.018030886,400,7.0397754,4.7951217,11.897748,-4.673640012741089,4.673640012741089,0.08426986843805206
IC,LDHB,CKD,0.02649195,400,6.993758,4.9637284,9.241542,-3.153921604156494,3.153921604156494,0.08355353134305776
IC,C19orf70,CKD,0.04371634,400,2.9748812,1.8854119,4.6175237,-1.9107905626296997,1.9107905626296997,0.08353277230675715
IC,LAMTOR4,CKD,0.058706593,400,2.5478456,1.9461954,4.183712,-1.4195834398269653,1.4195834398269653,0.08333890690272971
IC,C12orf75,CKD,0.021125272,400,9.104842,6.459765,11.698345,-3.941828727722168,3.941828727722168,0.08327220372096633
IC,MYL12B,CKD,0.024879709,400,5.806729,3.8511753,8.467105,-3.2857415676116943,3.2857415676116943,0.08174829367728975
IC,ADI1,CKD,0.08132055,400,1.8747026,1.5148036,3.1622741,-1.0036846995353699,1.0036846995353699,0.0816201883475931
IC,TMSB4X,CKD,0.010587083,400,18.604357,13.076474,22.84269,-7.6470489501953125,7.6470489501953125,0.08095994328496658
IC,CSTB,CKD,0.046365004,400,3.5774384,2.3013592,4.5035534,-1.7391366958618164,1.7391366958618164,0.080635079917311
IC,RPS3,CKD,0.011023159,400,13.376223,11.042287,23.288494,-7.290071487426758,7.290071487426758,0.08035961813955872
IC,UBA52,CKD,0.021028578,400,6.964062,5.176789,10.992212,-3.8013484477996826,3.8013484477996826,0.07993695340944384
IC,EZR,CKD,0.083196715,400,1.5628395,1.2023389,2.7527435,-0.955452561378479,0.955452561378479,0.07949051398684226
IC,CYBA,CKD,0.07646077,400,2.6570945,1.2167218,1.8254728,-1.024561882019043,1.024561882019043,0.07833879170548386
IC,RPL27A,CKD,0.026709361,400,4.8425994,3.6714027,8.300499,-2.900146484375,2.900146484375,0.07746105940941561
IC,DHRS7,CKD,0.03352897,400,3.8358464,2.5128555,5.792784,-2.301459789276123,2.301459789276123,0.07716557322013529
IC,NEAT1,CKD,0.030545441,400,4.030537,3.1036675,7.2050767,-2.514139413833618,2.514139413833618,0.07679549822163123
IC,NDUFA3,CKD,0.031020515,400,3.770521,2.7530603,6.612899,-2.438649535179138,2.438649535179138,0.07564816367378047
IC,ATP5MD,CKD,0.021838587,400,6.543301,3.157988,6.671863,-3.449594020843506,3.449594020843506,0.07533425837115892
IC,RPL18A,CKD,0.01171376,400,12.748389,9.770043,19.56886,-6.388580799102783,6.388580799102783,0.07483430205292851
IC,FAU,CKD,0.010674055,400,12.194231,10.69927,23.197695,-6.996692657470703,6.996692657470703,0.07468308038567884
IC,AES,CKD,0.061645582,400,1.9527452,1.2060041,2.86939,-1.2050634622573853,1.2050634622573853,0.07428683886137044
IC,MGST3,CKD,0.047053207,400,5.293972,4.866654,7.5562015,-1.5584328174591064,1.5584328174591064,0.07332926150667962
IC,RPL12,CKD,0.011916649,400,13.597282,9.902773,18.502382,-6.147059440612793,6.147059440612793,0.07325234725573537
IC,TXNIP,CKD,0.062565945,400,3.9592242,5.1905346,8.760199,-1.1691768169403076,1.1691768169403076,0.07315065252785935
IC,ATP5ME,CKD,0.022611301,400,5.3897877,2.6500742,6.3743877,-3.232013463973999,3.232013463973999,0.07308003053794199
IC,NDUFS7,CKD,0.06600153,400,2.642605,2.1245825,3.815947,-1.1046935319900513,1.1046935319900513,0.07291145999095416
IC,CYCS,CKD,0.021182667,400,4.223745,2.616453,7.8815436,-3.4361913204193115,3.4361913204193115,0.07278769808318675
IC,RPL22,CKD,0.016321303,400,7.2092347,5.6580987,12.724826,-4.308931589126587,4.308931589126587,0.07032737946380907
IC,RPL13A,CKD,0.03525043,400,3.2832,2.3709865,5.422008,-1.9816175699234009,1.9816175699234009,0.06985286958063108
IC,ATP5F1D,CKD,0.02204776,400,6.2972674,2.955977,5.8496327,-3.1174731254577637,3.1174731254577637,0.06873329916762483
IC,ATP5PF,CKD,0.02088127,400,5.925027,2.7466786,6.059464,-3.2455668449401855,3.2455668449401855,0.06777155475928787
IC,HLA-A,CKD,0.038382627,400,5.2292175,3.1057515,4.481506,-1.749610185623169,1.749610185623169,0.06715463527256027
IC,NDUFC2,CKD,0.029366905,400,4.574784,3.7459226,7.4742093,-2.278573989868164,2.278573989868164,0.06691466559897563
IC,GADD45G,CKD,0.0600613,400,0.89357656,0.6683487,2.6328723,-1.0948757231235504,1.0948757231235504,0.065759657419729
IC,HINT1,CKD,0.02602757,400,5.9417953,4.5198145,8.11084,-2.506503105163574,2.506503105163574,0.06523818389015723
IC,CFL1,CKD,0.02727106,400,4.554512,2.9580996,6.1441183,-2.3912155628204346,2.3912155628204346,0.06521098373953427
IC,FKBP2,CKD,0.03822959,400,3.011133,1.902722,4.1877794,-1.6967341899871826,1.6967341899871826,0.06486544973999298
IC,HSPE1,CKD,0.019472582,400,4.8205667,3.6950552,9.228897,-3.329676628112793,3.329676628112793,0.0648374020592204
IC,COX6C,CKD,0.01100884,400,9.202504,7.208427,16.837725,-5.811687469482422,5.811687469482422,0.0639799377969581
IC,EEF2,CKD,0.06406723,400,2.3223398,1.8250989,3.3092952,-0.9907186031341553,0.9907186031341553,0.06347259624428503
IC,EDF1,CKD,0.030831305,400,4.261378,3.2822351,6.400899,-2.048903226852417,2.048903226852417,0.06317036093799766
IC,CYSTM1,CKD,0.015437556,400,5.9189134,4.9959435,12.190831,-4.058928728103638,4.058928728103638,0.0626599412882789
IC,ATP6V0C,CKD,0.064293236,400,1.0686443,1.5346538,0.06032201,0.9701706357300282,0.9701706357300282,0.06237540919736062
IC,PRDX6,CKD,0.03794411,400,3.5992744,3.0980246,5.8712597,-1.6372424364089966,1.6372424364089966,0.062123704234924304
IC,VDAC1,CKD,0.04044487,400,3.1477804,2.248267,4.3634295,-1.507338047027588,1.507338047027588,0.06096409067689201
IC,RPL29,CKD,0.008126916,400,13.127401,9.930807,21.674507,-7.470147132873535,7.470147132873535,0.06070926097440754
IC,GSTO1,CKD,0.072819814,400,1.4019096,1.0256716,2.301725,-0.8261456489562988,0.8261456489562988,0.060159772564922775
IC,RPS18,CKD,0.0045036892,400,24.696152,19.953938,41.842133,-13.315204620361328,13.315204620361328,0.05996754378596414
IC,RHCG,CKD,0.018127387,400,4.7773867,4.2476435,10.27554,-3.278820037841797,3.278820037841797,0.05943644100654666
IC,EEF1B2,CKD,0.028750533,400,3.6406405,3.12053,6.723616,-2.0615984201431274,2.0615984201431274,0.0592720539018432
IC,DMRT2,CKD,0.043413486,400,2.0748193,1.2406592,3.1353025,-1.3644016981124878,1.3644016981124878,0.0592334344719565
IC,UQCC2,CKD,0.07246977,400,1.4948124,0.9048944,1.9304522,-0.8077378869056702,0.8077378869056702,0.05853657961805325
IC,ATP5MC3,CKD,0.013886869,400,7.673881,3.3660026,7.48218,-4.2120280265808105,4.2120280265808105,0.0584918812344597
IC,ATP5PO,CKD,0.025761236,400,3.8847766,1.7097819,4.0315313,-2.2483720779418945,2.2483720779418945,0.05792084260349739
IC,ATP6V1G3,CKD,0.021228192,400,4.689189,3.8951805,8.490084,-2.694455862045288,2.694455862045288,0.05719842738304637
IC,MAP1LC3A,CKD,0.04484206,400,1.2437534,0.7754627,2.8173695,-1.2550987601280212,1.2550987601280212,0.05628121473012215
IC,IGFBP5,CKD,0.020938223,400,9.284208,5.6263537,7.333666,-2.6825833320617676,2.6825833320617676,0.05616852863404187
IC,CD9,CKD,0.0110259615,400,11.544838,9.506184,17.600975,-5.066722869873047,5.066722869873047,0.055865491236048115
IC,RPL23,CKD,0.02642588,400,3.484183,2.9042056,6.4851365,-2.0804542303085327,2.0804542303085327,0.054977832688571926
IC,MUC1,CKD,0.046349082,400,3.399161,2.3830879,3.726739,-1.179862141609192,1.179862141609192,0.05468552731781573
IC,DYNLT1,CKD,0.048592564,400,1.7714851,1.3745832,3.2193985,-1.1208585500717163,1.1208585500717163,0.05446539051384969
IC,UQCR10,CKD,0.015487398,400,7.089053,5.519062,10.910139,-3.480534076690674,3.480534076690674,0.05390441657109468
IC,JUNB,CKD,0.03761564,400,2.8259735,2.7707903,5.557496,-1.4209444522857666,1.4209444522857666,0.05344973245680773
IC,ATOX1,CKD,0.04112222,400,2.4743674,1.8787365,3.8521366,-1.2845155000686646,1.2845155000686646,0.05282212957374366
IC,ATP5IF1,CKD,0.028765948,400,3.9490736,2.023671,3.7532275,-1.827479600906372,1.827479600906372,0.05256918406493449
IC,ALDH1A1,CKD,0.049863525,400,2.2502098,1.6726956,3.197585,-1.0512018203735352,1.0512018203735352,0.05241662797164537
IC,TUBB4B,CKD,0.04443637,400,1.7029982,1.151162,2.9545588,-1.1776164770126343,1.1776164770126343,0.05232900042049726
IC,CLCNKB,CKD,0.040941224,400,3.1197479,2.4710913,4.376462,-1.2770136594772339,1.2770136594772339,0.05228250164796755
IC,RPS13,CKD,0.0064318813,400,14.3085785,12.022361,25.937294,-8.10057544708252,8.10057544708252,0.052101940048050466
IC,OST4,CKD,0.019361908,400,5.4210305,4.2998004,8.552401,-2.686915159225464,2.686915159225464,0.05202380308564569
IC,MYL6,CKD,0.011333007,400,9.08006,6.2086053,12.50704,-4.584944725036621,4.584944725036621,0.05196121233909068
IC,ENO1,CKD,0.04526094,400,2.5752974,1.9595101,3.638462,-1.147369623184204,1.147369623184204,0.05193102738258748
IC,SSBP1,CKD,0.06600094,400,1.239709,0.9562411,2.2361493,-0.7816880941390991,0.7816880941390991,0.05159214776142562
IC,CA2,CKD,0.035423003,400,3.368115,3.0525863,5.623682,-1.443312168121338,1.443312168121338,0.05112645145919359
IC,HMGB1,CKD,0.03199076,400,2.8808277,2.3876398,5.075742,-1.5906449556350708,1.5906449556350708,0.050885939549089265
IC,SRP14,CKD,0.013551506,400,7.5992126,5.9057503,11.710539,-3.7491254806518555,3.7491254806518555,0.05080629724753383
IC,COX8A,CKD,0.00894439,400,9.555172,7.1964793,16.147245,-5.65472936630249,5.65472936630249,0.05057810672854135
IC,RPL10A,CKD,0.011717059,400,7.3065743,5.474748,12.2682085,-4.31264328956604,4.31264328956604,0.050531494654515896
IC,HMGN1,CKD,0.036832634,400,2.6916132,2.0874693,4.222432,-1.3695533275604248,1.3695533275604248,0.050444256950004096
IC,GNAS,CKD,0.018948335,400,4.56891,3.2672594,7.2705607,-2.6524760723114014,2.6524760723114014,0.050260005729589885
IC,COX7A2,CKD,0.012590959,400,7.451939,5.6301217,11.766992,-3.9793436527252197,3.9793436527252197,0.05010375173115711
IC,DBI,CKD,0.017395273,400,4.5277314,3.0827985,7.3812685,-2.87170147895813,2.87170147895813,0.049954030773069036
IC,SPCS1,CKD,0.038148347,400,2.6497636,2.236593,4.4345365,-1.3055570125579834,1.3055570125579834,0.04980484231982896
IC,MT-ND3,Ref,0.08345111,400,182.62604,172.41455,448.7763,271.2560119628906,271.2560119628906,22.636614517865837
IC,MT-CO2,Ref,0.027969593,400,213.85739,172.91487,449.3489,255.96277618408203,255.96277618408203,7.1591747196568605
IC,MT-CO3,Ref,0.037869122,400,127.9708,129.9532,268.17453,139.21252822875977,139.21252822875977,5.271856198625855
IC,MT-CYB,Ref,0.051002838,400,66.4086,58.330578,162.62872,100.25913429260254,100.25913429260254,5.113500356025966
IC,MT-ND1,Ref,0.04913034,400,36.12844,36.770008,93.62432,57.17509651184082,57.17509651184082,2.809031884016555
IC,MT-ND2,Ref,0.039071787,400,45.354656,48.68121,111.51724,64.49930953979492,64.49930953979492,2.5201032935778898
IC,MT-CO1,Ref,0.008287888,400,236.62917,200.96255,431.81885,213.02298736572266,213.02298736572266,1.7655106650319965
IC,MT-ATP6,Ref,0.017074667,400,114.6714,88.09515,190.44919,89.06591033935547,89.06591033935547,1.5207707527327443
IC,ACTG1,Ref,0.0758345,400,7.846985,5.792261,23.399319,16.57969570159912,16.57969570159912,1.2573128973636045
IC,MALAT1,Ref,0.0053351694,400,130.95297,107.49526,307.91855,188.69443130493164,188.69443130493164,1.006716751823257
IC,DEFB1,Ref,0.016571725,400,47.244015,34.072758,100.08641,59.42802429199219,59.42802429199219,0.9848248632231105
IC,ACTB,Ref,0.061171375,400,10.557842,7.8171935,24.580616,15.39309811592102,15.39309811592102,0.9416169805711387
IC,MT-ND4,Ref,0.009675431,400,115.85134,98.54429,178.0231,70.82528686523438,70.82528686523438,0.6852651807419363
IC,CEBPD,Ref,0.12320566,400,1.7165864,1.1990638,6.096474,4.638649106025696,4.638649106025696,0.5715078328437926
IC,HERPUD1,Ref,0.1231153,400,1.154164,1.125962,5.7370296,4.596966564655304,4.596966564655304,0.5659569229022026
IC,RPS14,Ref,0.03845882,400,15.709305,13.051352,28.621355,14.241026878356934,14.241026878356934,0.5476930954880608
IC,FTH1,Ref,0.045070976,400,28.486843,17.81493,34.615498,11.464611053466797,11.464611053466797,0.5167212098568825
IC,RPL37A,Ref,0.05506659,400,7.196741,5.6567545,15.272807,8.846059322357178,8.846059322357178,0.48712231532745953
IC,RPS26,Ref,0.09063902,400,13.004946,11.413513,16.699907,4.490677833557129,4.490677833557129,0.4070306268429462
IC,NR4A1,Ref,0.10915825,400,0.10745094,0.18046302,3.8580418,3.7140847854316235,3.7140847854316235,0.405422987021392
IC,JUND,Ref,0.052229963,400,2.5753787,2.4548185,10.230378,7.715279579162598,7.715279579162598,0.4029687688291901
IC,RPL30,Ref,0.026679508,400,16.436739,14.821056,30.62602,14.997122764587402,14.997122764587402,0.400115862594312
IC,RPL35,Ref,0.04432884,400,10.644801,8.448038,18.316605,8.770184993743896,8.770184993743896,0.38877211496411235
IC,RPL37,Ref,0.032685194,400,11.544441,8.865305,21.735062,11.53018856048584,11.53018856048584,0.3768664518529441
IC,FXYD2,Ref,0.014973544,400,19.730158,28.14471,48.399097,24.461663246154785,24.461663246154785,0.3662777807619122
IC,RPL38,Ref,0.06015108,400,5.649896,4.2061524,10.809438,5.881413459777832,5.881413459777832,0.3537733805439096
IC,WFDC2,Ref,0.026826583,400,36.526966,13.867877,12.044047,-13.153374195098877,13.153374195098877,0.3528600825890571
IC,EEF1A1,Ref,0.013358475,400,38.308876,29.245636,59.218117,25.440860748291016,25.440860748291016,0.33985109488361687
IC,TPT1,Ref,0.018899512,400,19.417694,13.811606,34.04294,17.428287982940674,17.428287982940674,0.329386129958797
IC,RPL39,Ref,0.017425394,400,23.343723,20.65642,40.894417,18.8943452835083,18.8943452835083,0.32924140499865295
IC,FAM24B,Ref,0.084831715,400,0.81649804,1.1911868,4.6630387,3.6591963171958923,3.6591963171958923,0.31041589775597345
IC,TMEM101,Ref,0.082639836,400,2.2018294,1.2296731,5.3973217,3.6815704107284546,3.6815704107284546,0.3042443741363252
IC,RPL35A,Ref,0.026038263,400,11.637678,9.614479,22.009838,11.383759498596191,11.383759498596191,0.29641332367461715
IC,RPL28,Ref,0.027057871,400,22.513039,15.233915,29.579021,10.705544471740723,10.705544471740723,0.2896692436830648
IC,RPL9,Ref,0.028266637,400,10.041027,8.219353,19.148422,10.018232345581055,10.018232345581055,0.28318173363524934
IC,COX7C,Ref,0.021339834,400,14.340767,10.227936,25.452452,13.168100357055664,13.168100357055664,0.28100507224405646
IC,FTL,Ref,0.030809753,400,20.271564,14.044646,26.255959,9.097853183746338,9.097853183746338,0.2803026061745406
IC,RPL41,Ref,0.007192065,400,43.55779,36.016346,77.56707,37.78000259399414,37.78000259399414,0.2717162346578341
IC,PTMA,Ref,0.03893699,400,10.569993,8.277173,16.295408,6.871825218200684,6.871825218200684,0.26756819835518897
IC,RPL10,Ref,0.014269339,400,25.55105,19.821026,41.22092,18.53488254547119,18.53488254547119,0.2644805208969263
IC,RPS4X,Ref,0.016403712,400,16.35226,15.635276,31.995123,16.001354694366455,16.001354694366455,0.26248161933266445
IC,RPL34,Ref,0.013929441,400,20.227083,16.717216,37.155605,18.68345546722412,18.68345546722412,0.26025008387915793
IC,HSP90AA1,Ref,0.037439298,400,4.319525,4.0165596,10.985526,6.817483901977539,6.817483901977539,0.25524181063030227
IC,RPS7,Ref,0.031171575,400,10.326905,8.251662,17.207962,7.918678283691406,7.918678283691406,0.24683767551471192
IC,KLF6,Ref,0.098751396,400,0.42166826,0.4545838,2.9344149,2.49628883600235,2.49628883600235,0.24651200722661848
IC,EGR1,Ref,0.07709488,400,0.73777014,1.1052779,4.111459,3.1899347603321075,3.1899347603321075,0.2459276462535298
IC,RPS3A,Ref,0.016786773,400,15.922766,13.337927,29.221241,14.59089469909668,14.59089469909668,0.24493403364626687
IC,COX6C,Ref,0.028099049,400,9.202504,7.208427,16.837725,8.632259130477905,8.632259130477905,0.24255827127562934
IC,RPL21,Ref,0.030044176,400,9.92132,8.346527,17.187185,8.053261756896973,8.053261756896973,0.24195361105709168
IC,EIF1,Ref,0.018470565,400,13.012322,8.861825,23.957142,13.020068168640137,13.020068168640137,0.24048801355306004
IC,RPS23,Ref,0.015098679,400,19.253557,16.071918,33.538834,15.87609577178955,15.87609577178955,0.2397080719174829
IC,PDK4,Ref,0.11897308,400,0.08156869,0.130863,2.1065578,2.0003420040011406,2.0003420040011406,0.23798684195521025
IC,RPL13,Ref,0.0140561005,400,22.75908,17.649773,37.129856,16.925429344177246,16.925429344177246,0.2379055360376876
IC,RASD1,Ref,0.07993534,400,1.1278169,0.41606697,3.7200203,2.9480783492326736,2.9480783492326736,0.2356556513052177
IC,RPL15,Ref,0.026551027,400,13.444142,9.887176,20.496365,8.830705642700195,8.830705642700195,0.23446430263206963
IC,MT-ND5,Ref,0.013271531,400,18.006086,21.635935,37.22572,17.404708862304688,17.404708862304688,0.2309871347809178
IC,IER3,Ref,0.045306314,400,0.5667394,0.5642836,5.5487986,4.983287066221237,4.983287066221237,0.2257743674926379
IC,MT-ATP8,Ref,0.068866335,400,1.9489696,2.3584654,5.400049,3.2463316917419434,3.2463316917419434,0.22356296533570585
IC,RPS27,Ref,0.012002157,400,22.658056,18.96845,39.285995,18.472742080688477,18.472742080688477,0.22171275154837033
IC,APOE,Ref,0.031996485,400,11.947056,10.992779,18.340868,6.870950698852539,6.870950698852539,0.21984626991260114
IC,RPL26,Ref,0.01756073,400,17.436798,14.315443,28.284626,12.4085054397583,12.4085054397583,0.21790241071525607
IC,RPS28,Ref,0.011432019,400,22.064041,17.931183,38.945232,18.947620391845703,18.947620391845703,0.2166095575055671
IC,COX7A1,Ref,0.06568387,400,2.7257607,2.005638,5.6404433,3.2747440338134766,3.2747440338134766,0.21509786633743033
IC,BTG2,Ref,0.076008245,400,0.3685706,0.56246877,3.2630646,2.797544941306114,2.797544941306114,0.2126364822734541
IC,COX8A,Ref,0.027313758,400,9.555172,7.1964793,16.147245,7.7714197635650635,7.7714197635650635,0.21226667631225116
IC,PFDN5,Ref,0.037508562,400,6.427564,5.8413024,11.761672,5.627238750457764,5.627238750457764,0.21106963472643514
IC,COX5B,Ref,0.02454878,400,10.189025,7.62779,17.033113,8.124706029891968,8.124706029891968,0.1994516222985796
IC,KRT18,Ref,0.038871862,400,3.1230993,2.1039693,7.734851,5.12131655216217,5.12131655216217,0.19907511024460067
IC,B2M,Ref,0.027625978,400,42.400726,26.57096,41.642025,7.156182289123535,7.156182289123535,0.19769653443330526
IC,RPL11,Ref,0.010803899,400,20.731602,17.561117,37.351933,18.205573081970215,18.205573081970215,0.19669116910878337
IC,RPS8,Ref,0.019008026,400,15.993162,11.393565,23.914223,10.220859050750732,10.220859050750732,0.19427834974454328
IC,MINOS1,Ref,0.042905074,400,4.111761,3.0674474,8.07,4.480395436286926,4.480395436286926,0.19223169600891898
IC,RPL19,Ref,0.01708333,400,16.436193,12.366599,25.631348,11.22995138168335,11.22995138168335,0.1918449662346733
IC,PPIA,Ref,0.039764915,400,9.216976,6.2263355,12.505784,4.784128189086914,4.784128189086914,0.19024044916941563
IC,TXNIP,Ref,0.0451481,400,3.9592242,5.1905346,8.760199,4.185319185256958,4.185319185256958,0.18895921205417476
IC,IGFBP7,Ref,0.021493426,400,18.148369,14.237005,24.954096,8.761408805847168,8.761408805847168,0.18831268825640457
IC,FAU,Ref,0.015842976,400,12.194231,10.69927,23.197695,11.750944137573242,11.750944137573242,0.1861699265198773
IC,RPS29,Ref,0.02590813,400,8.047206,5.9869943,14.077078,7.059977769851685,7.059977769851685,0.18291081684405208
IC,RPLP1,Ref,0.009897923,400,30.139868,22.44652,44.631737,18.338542938232422,18.338542938232422,0.1815134877139215
IC,H3F3B,Ref,0.046181306,400,4.8473616,3.8579855,8.139266,3.786592483520508,3.786592483520508,0.17486978709868595
IC,RPL36,Ref,0.013321952,400,16.680052,13.167054,28.022871,13.099318027496338,13.099318027496338,0.17450848551046372
IC,RPS21,Ref,0.02536499,400,10.0729475,7.756602,15.340433,6.425658464431763,6.425658464431763,0.16298675893350323
IC,RPS19,Ref,0.018713262,400,15.004104,11.655613,22.027004,8.697145938873291,8.697145938873291,0.16275197001613684
IC,MT-ND4L,Ref,0.00949309,400,22.419624,29.067339,42.73485,16.99137020111084,16.99137020111084,0.1613006101504979
IC,ATP6V0B,Ref,0.020694219,400,12.577518,9.268461,18.602793,7.679802894592285,7.679802894592285,0.15892751972094032
IC,KRT8,Ref,0.04033889,400,2.8134227,1.7832083,6.223645,3.9253297448158264,3.9253297448158264,0.15834343993964328
IC,RPL13A,Ref,0.05995718,400,3.2832,2.3709865,5.422008,2.5949147939682007,2.5949147939682007,0.15558377383347155
IC,GADD45G,Ref,0.079608805,400,0.89357656,0.6683487,2.6328723,1.8519096970558167,1.8519096970558167,0.14742831883503316
IC,RPL27,Ref,0.026720583,400,6.2913113,4.9686904,11.0504265,5.420425653457642,5.420425653457642,0.1448369359474242
IC,RPL29,Ref,0.014272612,400,13.127401,9.930807,21.674507,10.145402908325195,10.145402908325195,0.14480139511672263
IC,DHRS7,Ref,0.053656146,400,3.8358464,2.5128555,5.792784,2.6184332370758057,2.6184332370758057,0.14049503587726164
IC,ATP1B1,Ref,0.020407975,400,13.122783,15.387518,21.074387,6.8192362785339355,6.8192362785339355,0.13916680158203576
IC,RPL24,Ref,0.010713241,400,13.534095,11.276112,25.284737,12.87963342666626,12.87963342666626,0.13798261770370024
IC,S100A6,Ref,0.021569224,400,34.722355,18.82135,33.120674,6.348821640014648,6.348821640014648,0.13693915656240208
IC,ARG2,Ref,0.076676615,400,0.23695225,0.24839298,2.0138361,1.7711635306477547,1.7711635306477547,0.1358068234021262
IC,UAP1,Ref,0.0621719,400,0.74763554,0.64599043,2.8515043,2.1546913385391235,2.1546913385391235,0.1339612518066522
IC,HSPA8,Ref,0.03484962,400,2.5809784,1.9553819,6.040777,3.772597074508667,3.772597074508667,0.13147357957362082
IC,ATP6V0E1,Ref,0.05239322,400,6.562101,4.7293234,8.142824,2.4971120357513428,2.4971120357513428,0.13083174116533236
IC,TNFRSF12A,Ref,0.047002673,400,0.7214091,0.26186913,3.2546418,2.7630026638507843,2.7630026638507843,0.1298685111190956
IC,NDUFB11,Ref,0.040679697,400,3.713961,3.2596645,6.6378345,3.1510218381881714,3.1510218381881714,0.12818261345193305
IC,SAT1,Ref,0.03306168,400,5.0637136,3.33715,8.0286665,3.8282346725463867,3.8282346725463867,0.12656786761327865
IC,PER1,Ref,0.1756688,400,0.03930365,0.034230642,0.7505193,0.7137521300464869,0.7137521300464869,0.125383984349332
IC,KLK1,Ref,0.019542262,400,0.21210864,0.7030205,6.8645277,6.406963124871254,6.406963124871254,0.12520655174226358
IC,ATP6V1B1,Ref,0.039669994,400,1.5268909,2.1867263,5.010867,3.154058516025543,3.154058516025543,0.12512148324170647
IC,ZFAND5,Ref,0.09993243,400,0.601445,0.47837618,1.7756512,1.2357406169176102,1.2357406169176102,0.12349056538561953
IC,RPS18,Ref,0.006317765,400,24.696152,19.953938,41.842133,19.517087936401367,19.517087936401367,0.12330437479926015
IC,RPS15,Ref,0.009463234,400,16.52103,14.102537,28.27043,12.958645820617676,12.958645820617676,0.12263069608109411
IC,FOS,Ref,0.01590238,400,4.441698,4.4812136,12.17069,7.70923376083374,7.70923376083374,0.12259516113244384
IC,SPP1,Ref,0.009253026,400,26.636858,2.9406412,1.5475882,-13.241161346435547,13.241161346435547,0.12252081002675297
IC,GABARAPL1,Ref,0.06949781,400,1.0381945,0.8668625,2.7061653,1.7536368072032928,1.7536368072032928,0.12187391555629334
IC,CYCS,Ref,0.02728014,400,4.223745,2.616453,7.8815436,4.461444735527039,4.461444735527039,0.12170883996837167
IC,PPDPF,Ref,0.04273433,400,9.75794,6.8026004,11.111582,2.8313114643096924,2.8313114643096924,0.12099419464724281
IC,RPS12,Ref,0.0059577315,400,31.301897,24.561434,48.09945,20.167783737182617,20.167783737182617,0.12015424068699776
IC,DYNLL1,Ref,0.03800093,400,4.49824,3.312437,7.04368,3.1383416652679443,3.1383416652679443,0.11925990225389693
IC,CYSTM1,Ref,0.017551454,400,5.9189134,4.9959435,12.190831,6.733402729034424,6.733402729034424,0.11818100680843546
IC,USMG5,Ref,0.028345106,400,0.76724017,2.0453541,5.5679536,4.161656439304352,4.161656439304352,0.117962593613404
IC,ATP5I,Ref,0.032222275,400,0.6482376,1.7935176,4.819251,3.5983734726905823,3.5983734726905823,0.11594777847736304
IC,BSG,Ref,0.018972235,400,7.2896357,5.7930303,12.624243,6.082909822463989,6.082909822463989,0.11540639342179881
IC,RPS24,Ref,0.0057216003,400,23.17677,18.394032,40.71244,19.927040100097656,19.927040100097656,0.11401455782941738
IC,AQP2,Ref,0.023517396,400,2.1056478,3.7116497,7.727712,4.819063425064087,4.819063425064087,0.11333182436703648
IC,ATP5D,Ref,0.031550545,400,0.5265677,2.0466769,4.8576202,3.570997953414917,3.570997953414917,0.11266693250048032
IC,RPS9,Ref,0.0126125105,400,11.48379,9.41509,19.371405,8.921964645385742,8.921964645385742,0.11252837252552439
IC,NDUFC1,Ref,0.032836445,400,3.7661154,2.8439538,6.699272,3.394237518310547,3.394237518310547,0.1114546924869444
IC,CHCHD10,Ref,0.017603677,400,9.448237,6.664483,14.385485,6.329124450683594,6.329124450683594,0.11141586104261592
IC,UBC,Ref,0.029484369,400,3.3654087,2.582893,6.7214346,3.7472838163375854,3.7472838163375854,0.11048629826670986
IC,RPL7A,Ref,0.008743226,400,16.072948,12.384658,26.538141,12.309338092803955,12.309338092803955,0.1076233198932246
IC,TMSB4X,Ref,0.015257002,400,18.604357,13.076474,22.84269,7.002274036407471,7.002274036407471,0.10683370795904112
IC,COX17,Ref,0.045828756,400,2.3094404,1.8709569,4.417999,2.327800154685974,2.327800154685974,0.10668018517776057
IC,RPL32,Ref,0.0066538793,400,19.442497,15.916016,33.56559,15.886333465576172,15.886333465576172,0.10570574545486089
IC,RPL6,Ref,0.010953861,400,11.179812,8.310131,19.387184,9.642212390899658,9.642212390899658,0.10561945704635312
IC,RHCG,Ref,0.018199971,400,4.7773867,4.2476435,10.27554,5.763025283813477,5.763025283813477,0.10488689272483143
IC,RCAN1,Ref,0.06564055,400,0.2276442,0.1699625,1.7829396,1.5841362029314041,1.5841362029314041,0.10398356590309021
IC,RPL5,Ref,0.012193951,400,10.228882,7.8564367,17.540424,8.497765064239502,8.497765064239502,0.10362132931097667
IC,ATP5ME,Ref,0.043625817,400,5.3897877,2.6500742,6.3743877,2.3544567823410034,2.3544567823410034,0.10271510002117346
IC,NACA,Ref,0.01335457,400,8.017088,6.3787017,14.798801,7.600906610488892,7.600906610488892,0.10150683691183104
IC,RTN4,Ref,0.014490658,400,10.588294,10.556553,17.557835,6.985411167144775,6.985411167144775,0.10122320712779587
IC,CAMK2N1,Ref,0.06863731,400,3.3193533,3.1484394,4.700726,1.4668296575546265,1.4668296575546265,0.10067924406227036
IC,ATP6V1G1,Ref,0.040051147,400,3.5821426,2.6424026,5.6213584,2.509085774421692,2.509085774421692,0.10049176404439741
IC,RPS6,Ref,0.010066807,400,13.503953,10.575391,21.980152,9.94048023223877,9.94048023223877,0.10006889866969004
IC,RPL3,Ref,0.0072123082,400,17.41268,13.435943,28.794243,13.369931697845459,13.369931697845459,0.09642806849199514
IC,COX4I1,Ref,0.014795041,400,10.029538,7.3087835,15.149078,6.479917526245117,6.479917526245117,0.09587064360964703
IC,LAMTOR4,Ref,0.049357094,400,2.5478456,1.9461954,4.183712,1.9366915225982666,1.9366915225982666,0.09558946527935497
IC,TCEB2,Ref,0.03930695,400,0.3509236,1.4076941,3.270104,2.3907950818538666,2.3907950818538666,0.09397486232212249
IC,HSP90AB1,Ref,0.029607423,400,2.7877948,2.3694847,5.747194,3.1685540676116943,3.1685540676116943,0.09381271946871372
IC,OST4,Ref,0.02534339,400,5.4210305,4.2998004,8.552401,3.6919851303100586,3.6919851303100586,0.09356741970233706
IC,ATP1A1,Ref,0.032410447,400,4.4094167,2.8483052,6.4980645,2.869203567504883,2.869203567504883,0.09299216887837503
IC,GNB2L1,Ref,0.02497821,400,0.3184514,2.1123743,4.937059,3.7216460704803467,3.7216460704803467,0.09296005444033195
IC,RPL8,Ref,0.007196473,400,18.501808,14.081728,29.16597,12.874201774597168,12.874201774597168,0.09264884492325187
IC,RPS25,Ref,0.008930186,400,11.076348,9.583344,20.681946,10.352099418640137,10.352099418640137,0.09244617132926969
IC,NDUFA3,Ref,0.027442254,400,3.770521,2.7530603,6.612899,3.351108193397522,3.351108193397522,0.0919619626471766
IC,COX7B,Ref,0.011946956,400,10.611683,7.5340257,16.763561,7.690706968307495,7.690706968307495,0.0918805354193526
IC,HMGN1,Ref,0.04978239,400,2.6916132,2.0874693,4.222432,1.8328908681869507,1.8328908681869507,0.09124569102899693
IC,UBA52,Ref,0.018535288,400,6.964062,5.176789,10.992212,4.921786785125732,4.921786785125732,0.09122673578678242
IC,RPL18,Ref,0.008928575,400,11.862987,9.900172,20.955654,10.074074745178223,10.074074745178223,0.08994712810667949
IC,RPS27A,Ref,0.0062192855,400,17.96832,14.687489,30.615984,14.288079261779785,14.288079261779785,0.08886164475120051
IC,CD9,Ref,0.0125317285,400,11.544838,9.506184,17.600975,7.075464248657227,7.075464248657227,0.08866779686055715
IC,DUSP1,Ref,0.021883298,400,1.5999357,1.5690352,5.59644,4.011954426765442,4.011954426765442,0.08779479312632299
IC,SEC61B,Ref,0.037187513,400,2.4453661,1.9765946,4.5643253,2.353344976902008,2.353344976902008,0.0875150468373318
IC,RPS13,Ref,0.0067984774,400,14.3085785,12.022361,25.937294,12.771824359893799,12.771824359893799,0.08682895898323895
IC,SLC25A3,Ref,0.02273611,400,4.7011776,3.1381316,7.71054,3.7908852100372314,3.7908852100372314,0.08618998234877218
IC,NDUFA4,Ref,0.0074534114,400,15.525164,12.250581,25.397427,11.509554386138916,11.509554386138916,0.08578544331683591
IC,PCK1,Ref,0.087832816,400,0.0856113,0.19171947,1.1143243,0.9756589457392693,0.9756589457392693,0.08569487260635483
IC,RPL22,Ref,0.013588595,400,7.2092347,5.6580987,12.724826,6.291159152984619,6.291159152984619,0.08548801509419546
IC,EZR,Ref,0.062082272,400,1.5628395,1.2023389,2.7527435,1.3701542615890503,1.3701542615890503,0.08506228958139284
IC,UBL5,Ref,0.016829614,400,6.5474577,5.3301983,10.973007,5.034179210662842,5.034179210662842,0.0847232908894835
IC,CLDN8,Ref,0.08168264,400,1.2316991,1.1275244,2.2073941,1.027782380580902,1.027782380580902,0.08395197545113131
IC,ADI1,Ref,0.057188887,400,1.8747026,1.5148036,3.1622741,1.4675210118293762,1.4675210118293762,0.08392589353443669
IC,SRSF5,Ref,0.04348925,400,1.5715444,1.4729058,3.4314544,1.909229338169098,1.909229338169098,0.0830309544498411
IC,UQCR10,Ref,0.017920066,400,7.089053,5.519062,10.910139,4.606081485748291,4.606081485748291,0.08254128271153327
IC,HSD11B2,Ref,0.024162771,400,4.928583,5.2878175,8.518142,3.4099414348602295,3.4099414348602295,0.08239363462865645
IC,ITM2B,Ref,0.032704517,400,14.818694,12.675911,16.197102,2.449799060821533,2.449799060821533,0.0801194956321396
IC,MAP1LC3A,Ref,0.044248205,400,1.2437534,0.7754627,2.8173695,1.807761400938034,1.807761400938034,0.07999019647823113
IC,ATP6V1G3,Ref,0.019007636,400,4.689189,3.8951805,8.490084,4.197898983955383,4.197898983955383,0.07979213683479158
IC,RPS15A,Ref,0.008059453,400,15.194802,12.686337,23.823633,9.883063316345215,9.883063316345215,0.07965208646023214
IC,GLUL,Ref,0.060778107,400,0.8497275,0.6928386,2.0793793,1.3080962598323822,1.3080962598323822,0.0795036150927434
IC,RPL18A,Ref,0.009502646,400,12.748389,9.770043,19.56886,8.309642791748047,8.309642791748047,0.07896359036267597
IC,RPL23A,Ref,0.016015965,400,5.8212237,4.4701996,9.990154,4.84444260597229,4.84444260597229,0.07758842560296575
IC,CYC1,Ref,0.04767353,400,1.9615557,1.5071527,3.3534434,1.6190891861915588,1.6190891861915588,0.07718769830993155
IC,RPL14,Ref,0.0080640875,400,10.974974,9.050374,19.486359,9.473684787750244,9.473684787750244,0.07639662288926807
IC,RPS11,Ref,0.021752372,400,3.9172592,3.1318543,7.0264626,3.5019057989120483,3.5019057989120483,0.07617475899187376
IC,SRP14,Ref,0.015311606,400,7.5992126,5.9057503,11.710539,4.958057403564453,4.958057403564453,0.07591582262094221
IC,MPC1,Ref,0.024488574,400,2.907734,2.144524,5.610609,3.084480047225952,3.084480047225952,0.07553451756076734
IC,MRPL41,Ref,0.04338612,400,2.9787803,1.86912,4.144279,1.7203288674354553,1.7203288674354553,0.07463839528270388
IC,UQCRH,Ref,0.015115253,400,5.9897137,4.405158,10.097901,4.900465488433838,4.900465488433838,0.07407177418559519
IC,MGST3,Ref,0.029728848,400,5.293972,4.866654,7.5562015,2.47588849067688,2.47588849067688,0.0736053138103836
IC,ATP5G1,Ref,0.02786513,400,0.4022425,1.242491,3.428874,2.606507256627083,2.606507256627083,0.07263066473599805
IC,COA3,Ref,0.023052413,400,2.685189,2.402527,5.671577,3.127718925476074,3.127718925476074,0.0721014684697785
IC,TSPAN1,Ref,0.04262941,400,3.599119,1.6042156,0.94023186,-1.6614354252815247,1.6614354252815247,0.0708260112374115
IC,MIF,Ref,0.029428108,400,6.915417,6.8805394,9.2857065,2.387728214263916,2.387728214263916,0.07026632296170288
IC,RPS10,Ref,0.027011208,400,7.4634485,7.379613,10.014625,2.5930938720703125,2.5930938720703125,0.07004259855455075
IC,COX5A,Ref,0.01920855,400,5.3393173,3.64425,8.12372,3.631936550140381,3.631936550140381,0.06976423646614194
IC,HSPB1,Ref,0.028053503,400,3.0448399,2.47003,5.1782403,2.420805335044861,2.420805335044861,0.06791207089963835
IC,NFKBIA,Ref,0.06914569,400,0.31333342,0.24217618,1.2516527,0.9738979190587997,0.9738979190587997,0.06734084060762047
IC,XBP1,Ref,0.06430465,400,0.8603095,0.6246534,1.7885702,1.0460887253284454,1.0460887253284454,0.06726836917321499
IC,ATP5E,Ref,0.011819074,400,1.4181653,4.600909,8.656835,5.6472973227500916,5.6472973227500916,0.06674582456443579
IC,RPL12,Ref,0.009818601,400,13.597282,9.902773,18.502382,6.752354621887207,6.752354621887207,0.06629867869239003
IC,CD74,Ref,0.031712204,400,4.0398912,1.8089994,0.8618199,-2.0626254081726074,2.0626254081726074,0.06541039816902128
IC,HSPE1,Ref,0.012975377,400,4.8205667,3.6950552,9.228897,4.971086144447327,4.971086144447327,0.06450171697614693
IC,IDI1,Ref,0.073954284,400,0.28295624,0.21269332,1.1163089,0.8684841468930244,0.8684841468930244,0.0642281234148192
IC,RARRES2,Ref,0.047168158,400,2.5556014,1.9075928,3.5868187,1.3552216291427612,1.3552216291427612,0.0639233079213044
