cell_type,gene,variance,variance_rank
PC,MALAT1,76408.20608240619,1
PC,MT-CO1,67294.85805522926,2
PC,MT-CO2,64733.86125837905,3
PC,MT-ND3,42691.29528543723,4
PC,MT-CO3,21146.466879428244,5
PC,MT-ATP6,11903.75379222469,6
PC,MT-ND4,10282.131979234297,7
PC,MT-CYB,8462.706658479367,8
PC,MT-ND2,4412.811962301456,9
PC,FXYD4,2861.4121533697044,10
PC,MT-ND1,2649.3319786360116,11
PC,RPL41,1479.050385808648,12
PC,AQP2,1388.63247618105,13
PC,S100A6,1178.9612169872405,14
PC,WFDC2,1025.2663367141622,15
PC,DEFB1,912.5580093571502,16
PC,MT-ND4L,904.5695902629441,17
PC,EEF1A1,823.3392835564097,18
PC,TMSB4X,612.4289592652967,19
PC,MT-ND5,532.5012585472482,20
PC,IGFBP7,450.8837349648776,21
PC,RPS12,387.18046019276323,22
PC,RPL10,376.8611480957511,23
PC,RPL39,375.5897142522141,24
PC,RPS23,361.1577943490463,25
PC,RPLP1,342.14281126243446,26
PC,RPS18,308.19644447436474,27
PC,RPS27A,306.5366993893792,28
PC,ATP1B1,294.4538273537014,29
PC,RPL34,269.3238695020181,30
PC,CLU,253.68087452536636,31
PC,RPS4X,245.87010230365976,32
PC,RPL13,228.89468743640325,33
PC,TPT1,228.59251022205683,34
PC,RPS28,219.1666764927239,35
PC,RPL11,215.48272918464252,36
PC,RPL32,208.60841360586582,37
PC,RPS24,207.11491710357987,38
PC,RPL3,201.25839353996582,39
PC,RPS27,197.58634633746456,40
PC,FTH1,189.1295983358397,41
PC,NDUFA4,187.80000593689107,42
PC,S100A11,187.62455214063937,43
PC,RPL28,176.13519663161975,44
PC,AQP3,175.4339150065109,45
PC,B2M,174.016374470715,46
PC,SERF2,170.2941317298804,47
PC,RPS3A,167.45769335858355,48
PC,FTL,163.1846713353063,49
PC,RPL30,155.46151179276944,50
PC,RPL26,150.07265516262717,51
PC,PTMA,142.36118718009243,52
PC,ITM2B,141.21948415618266,53
PC,RPS14,140.95377862703975,54
PC,RPL19,139.10967206773773,55
PC,RPS15,138.18121735672167,56
PC,RPL8,135.67523644769514,57
PC,RPL7A,130.94839535060015,58
PC,CYB5A,120.52464647641133,59
PC,GSTP1,119.4345507054667,60
PC,RPL36,116.4929789839752,61
PC,RPS13,115.71548015917008,62
PC,CALB1,115.1755535740099,63
PC,ACTB,110.97525711969266,64
PC,ACTG1,110.3140940562467,65
PC,RPS8,108.91535703813481,66
PC,RPS3,108.78412425885607,67
PC,UMOD,107.79779878918683,68
PC,RPL29,106.98124439494536,69
PC,RPL12,98.12481473855578,70
PC,EIF1,97.25560051581873,71
PC,COX7C,96.4621087189829,72
PC,FOS,96.43768777217042,73
PC,RPL24,96.41842579021092,74
PC,GAPDH,96.0346742108349,75
PC,RPS19,95.20618862921877,76
PC,S100A2,91.3372820894169,77
PC,RPS6,90.72133729047334,78
PC,RPS15A,87.55224750986113,79
PC,RPS26,87.44036058920248,80
PC,RPS25,87.29075898484368,81
PC,FAU,87.21505105956751,82
PC,MYL6,85.94830331877061,83
PC,KRT19,85.55214397368619,84
PC,RPL35A,81.20933006799508,85
PC,RPS9,76.40702436649596,86
PC,RPL15,75.28650461344851,87
PC,HSD11B2,74.70840275658162,88
PC,RPL5,70.23010682985364,89
PC,RPL18,68.87346581464374,90
PC,EPCAM,68.4561162018323,91
PC,FXYD2,66.76371728836884,92
PC,STC1,66.73387724666514,93
PC,RPL37,65.5996006134929,94
PC,RPS7,65.11534933239533,95
PC,SLPI,64.58377474428434,96
PC,TMSB10,64.50740615698439,97
PC,RPL35,62.85969841876544,98
PC,JUND,62.54822950958879,99
PC,COX7B,61.30861280027636,100
PC,MTRNR2L8,60.249865745053214,101
PC,RPL18A,60.12633878291642,102
PC,PPDPF,59.39804092779387,103
PC,RPL21,58.84835962796836,104
PC,RPL6,58.6426337293091,105
PC,H3F3B,57.656496583999115,106
PC,RPL9,57.59686335043967,107
PC,CD9,56.326106396136645,108
PC,KRT18,56.24563744132668,109
PC,ATP5F1E,55.86630649260781,110
PC,PPIA,55.686610280381515,111
PC,RPL14,55.265191075608975,112
PC,SRP14,54.90967436904652,113
PC,CDH16,53.78158538053566,114
PC,IER3,52.402865592043355,115
PC,SPP1,50.56505305680655,116
PC,NACA,50.52329096826304,117
PC,JUNB,50.44935949384361,118
PC,COX5B,49.794610889021484,119
PC,IER2,49.42807864945114,120
PC,CYSTM1,49.415780973868564,121
PC,CD24,48.926054047452325,122
PC,MMP7,48.682724881482244,123
PC,UQCRH,46.711457354700336,124
PC,CD63,45.24027250334054,125
PC,BEX3,44.66823103213507,126
PC,TMA7,43.6304284566329,127
PC,COX8A,43.24901846960284,128
PC,SKP1,41.71860551133835,129
PC,PRDX1,41.41473326177741,130
PC,ATP5IF1,41.096908193015395,131
PC,UQCRB,41.053416603532554,132
PC,RPS21,40.94035592567186,133
PC,COX6B1,40.87081798462124,134
PC,CHCHD10,40.82323805921287,135
PC,HINT1,40.01638672927441,136
PC,COX6C,39.40328459223578,137
PC,CA2,38.21636788651669,138
PC,MGST3,37.663004201777916,139
PC,PFDN5,37.38621275078937,140
PC,S100A10,37.13178820959904,141
PC,SAT1,37.117105841340674,142
PC,H3F3A,36.17104156220637,143
PC,UBL5,35.83072738595626,144
PC,HSPA1A,35.7193719461914,145
PC,NDUFB2,35.65978300792039,146
PC,MIF,35.32166412010049,147
PC,UBB,34.99012021418291,148
PC,MYL12B,34.66660623827339,149
PC,MT2A,34.394014771896,150
PC,ENO1,34.26968012320276,151
PC,RPL10A,34.081633851126654,152
PC,RPL22,33.63586152857263,153
PC,PTGER1,33.39839503050188,154
PC,ID1,33.02833287993674,155
PC,PEBP1,32.78898094712429,156
PC,CD81,32.14342475150255,157
PC,ATP5MG,31.46826218123697,158
PC,CHCHD2,31.28216550805533,159
PC,MRPL33,29.96450928102835,160
PC,NEAT1,29.757757952884017,161
PC,RTN4,29.632550004726106,162
PC,MINOS1,29.482624281264044,163
PC,COX6A1,27.6029577737446,164
PC,UQCRQ,27.52728762218706,165
PC,MAL,27.470837301544286,166
PC,COX4I1,27.464105974798166,167
PC,RACK1,27.367907267682174,168
PC,ATP5MC3,27.298402732493827,169
PC,CTSH,26.867408696224985,170
PC,ID3,26.743512457924744,171
PC,ATP5ME,26.667365226485348,172
PC,LDHB,26.53274155349242,173
PC,RPS29,26.34540602281791,174
PC,RPS5,26.329551531704098,175
PC,OST4,26.068849200310556,176
PC,HSP90AA1,25.77718589749512,177
PC,ATP5MD,25.541466026428182,178
PC,CTSD,25.537882228545406,179
PC,NDUFA1,25.119463782107687,180
PC,PRDX5,24.69063320977511,181
PC,ATP5F1D,24.397567305799456,182
PC,CALM2,24.362517645648712,183
PC,PFN1,24.17275984795539,184
PC,ATP5PF,24.030051134837183,185
PC,TSC22D1,23.903562227343,186
PC,UQCR10,23.68007285630034,187
PC,MT1G,23.6671390032816,188
PC,GPX4,23.56507361897512,189
PC,GSTM3,23.233019423387553,190
PC,ATP6V0E1,23.23074260009356,191
PC,JUN,23.15758835658038,192
PC,RPS10,23.020467449469773,193
PC,ATP5E,22.572146351080587,194
PC,UQCR11,22.041461659077214,195
PC,PCSK1N,21.36278602754805,196
PC,COX7A2,21.19594356167673,197
PC,DYNLL1,20.756349406051044,198
PC,ATP5MC2,20.11938274499707,199
PC,RPL23A,19.94938020531742,200
PC,NDRG1,19.785991024746767,201
PC,NDUFS5,19.57130422744183,202
PC,BCAM,19.433704132350663,203
PC,DBI,19.323965614703813,204
PC,UBC,19.181304781274694,205
PC,FOLR1,18.911416876951208,206
PC,RPLP2,18.751321613800386,207
PC,RPL37A,18.739153720040342,208
PC,ELOB,18.56214867927408,209
PC,SUMO2,18.115500290982368,210
PC,ZFP36,17.697423891781195,211
PC,UBA52,17.596928268368124,212
PC,DSTN,17.387059816444356,213
PC,AIF1L,17.32632284829753,214
PC,TOMM7,17.21863159349365,215
PC,MTRNR2L12,17.121752035869022,216
PC,RPL27,17.09022856484271,217
PC,TSPAN1,16.932345371329173,218
PC,CEBPD,16.906397891566563,219
PC,NGFRAP1,16.717187235599464,220
PC,SOD1,16.538741060744815,221
PC,POLR2L,16.421230614535553,222
PC,COBLL1,16.263356896317823,223
PC,HLA-B,16.220103640662764,224
PC,RPL7,16.081955649257687,225
PC,TXNIP,15.902871490420665,226
PC,GDF15,15.810319347631125,227
PC,ATP1B3,15.713721463760802,228
PC,COMMD6,15.706002376555572,229
PC,IGFBP2,15.702420718427442,230
PC,TACSTD2,15.700086574204848,231
PC,HSPE1,15.636001314173214,232
PC,ASAH1,15.590532840066096,233
PC,PRDX2,15.366141764056223,234
PC,NDUFA13,15.325022308411263,235
PC,SELENOM,15.313177683773752,236
PC,USMG5,15.023822660575785,237
PC,ATP6V1F,14.472276021500994,238
PC,NDUFC1,14.350543219940473,239
PC,SPINT2,14.329852439016372,240
PC,DUSP1,14.263321796874928,241
PC,KRT8,14.197366353920362,242
PC,TPI1,14.105312418970561,243
PC,RPS2,14.062353240221343,244
PC,ATP5L,13.994527337835581,245
PC,RPL38,13.943148980597927,246
PC,EDF1,13.896325526946988,247
PC,MT-ATP8,13.892624759732392,248
PC,TMEM59,13.73932961891231,249
PC,ATPIF1,13.71452372641956,250
PC,PIGR,13.589525416724577,251
PC,BTF3,13.45197985773234,252
PC,ATP5I,13.358540374072486,253
PC,CFL1,13.338239764248648,254
PC,RPL36AL,13.240276165894407,255
PC,CST3,13.183930935774589,256
PC,LTF,13.005826765496932,257
PC,SEC61G,12.789571643256899,258
PC,TMBIM6,12.77005375089162,259
PC,CYCS,12.69830936156045,260
PC,PKM,12.686000545437034,261
PC,MT1E,12.57803545231708,262
PC,ATP6V0B,12.346995727893283,263
PC,ATP5F1B,12.119940136455936,264
PC,MYL12A,11.950572611582734,265
PC,MGP,11.874571599228801,266
PC,SLC25A3,11.850354331693346,267
PC,EIF3K,11.811123123879668,268
PC,RASD1,11.785842305465296,269
PC,ATP5MF,11.767582339509833,270
PC,APP,11.712714466710375,271
PC,LAPTM4A,11.690286555604208,272
PC,ST6GAL1,11.622651162393364,273
PC,HMGB1,11.506484124583297,274
PC,HSPB1,11.421420983496809,275
PC,NDUFB7,11.331446224457748,276
PC,CRYAB,11.256080956911989,277
PC,ALDOA,11.220805753774643,278
PC,CAMK2N1,11.166009333912395,279
PC,ATP5J,11.127166692886224,280
PC,PNP,11.09534651709394,281
PC,NDUFB11,11.049782807907285,282
PC,NDUFB1,10.933801699695184,283
PC,ATP6V1G1,10.87892164207259,284
PC,TNFRSF12A,10.720280579244939,285
PC,NDUFC2,10.646941459816532,286
PC,OAZ1,10.612978485025002,287
PC,GNAS,10.579390164562485,288
PC,ATP5G3,10.579226157709858,289
PC,NDUFA3,10.524353857121383,290
PC,RPSA,10.492599854618732,291
PC,GADD45B,10.481063738523995,292
PC,MUC1,10.39763385697321,293
PC,NPM1,10.363343406444518,294
PC,ATP5MC1,10.243300522911044,295
PC,SUB1,10.133677738975507,296
PC,HSP90AB1,10.114134579369795,297
PC,S100A13,10.022110065186368,298
PC,UQCR11.1,9.95822592390558,299
PC,HLA-A,9.870294262600448,300
PC,HMGN3,9.799264434200856,301
PC,TSTD1,9.794080570774408,302
PC,COX5A,9.751476671219534,303
PC,CSTB,9.73833920041261,304
PC,GUK1,9.655391862042162,305
PC,ARG2,9.638665777174007,306
PC,GNG5,9.633535866792133,307
PC,RPL27A,9.580257149739882,308
PC,COA3,9.552022617098675,309
PC,HSPA1B,9.444299658787028,310
PC,ATP5MPL,9.418110160920289,311
PC,DAD1,9.415850961362947,312
PC,CLDN7,9.39634291215307,313
PC,ITM2C,9.39263835754235,314
PC,FIS1,9.339641881688715,315
PC,HSP90B1,9.263474952349057,316
PC,WDR83OS,9.232910580903205,317
PC,SOD3,9.217406613566821,318
PC,ATP5D,9.193170339474793,319
PC,SMIM5,9.075777161565586,320
PC,CALM1,9.028149327187794,321
PC,SPCS1,8.954296796651342,322
PC,RPL23,8.864212284185543,323
PC,WSB1,8.833403782861726,324
PC,GNB2L1,8.7539363946404,325
PC,CIRBP,8.704801555506975,326
PC,RPS11,8.687246352534652,327
PC,ANXA2,8.632567366091788,328
PC,HLA-C,8.610612367671997,329
PC,PTGR1,8.51358258028505,330
PC,RPLP0,8.504853744358075,331
PC,CD74,8.500394924871578,332
PC,FAM107B,8.477035913717039,333
PC,SPINK1,8.463689119370523,334
PC,ATP1A1,8.459734485609879,335
PC,ATP5PO,8.39255746250664,336
PC,RCAN1,8.368717455213721,337
PC,YWHAE,8.35301091396872,338
PC,LAMTOR5,8.33649327991509,339
PC,SLC12A1,8.301412978503436,340
PC,ATP5G2,8.216653709199006,341
PC,GABARAPL2,8.08002807839493,342
PC,TCEB2,8.01278446903008,343
PC,ATP5PD,8.012502352426171,344
PC,SLC25A5,7.984460055530182,345
PC,TMEM176B,7.836890305943077,346
PC,HNRNPH1,7.7412673147508055,347
PC,TPM4,7.690901186859382,348
PC,NDUFB4,7.683882472448606,349
PC,TXN,7.644506020220713,350
PC,EEF1D,7.638446572279542,351
PC,BSG,7.612952461763,352
PC,SEC62,7.60080167234088,353
PC,BTG2,7.599506730179659,354
PC,ARL6IP1,7.555749966780288,355
PC,DDX17,7.553834622441945,356
PC,S100A4,7.525821449186869,357
PC,NDUFA5,7.507355702073846,358
PC,HSPA8,7.445563465948789,359
PC,SLC25A6,7.417529342713857,360
PC,SELM,7.347046530340505,361
PC,LDHA,7.319303692265687,362
PC,RPL13A,7.316168196056537,363
PC,RALBP1,7.311897004628867,364
PC,HNRNPA1,7.280628638209497,365
PC,NEDD8,7.272811185543343,366
PC,CDC42,7.248638445367505,367
PC,DYNLRB1,7.198472059202094,368
PC,NDUFB10,7.172358939650158,369
PC,SEC61B,7.170038039819601,370
PC,HNRNPA2B1,7.1654054460627865,371
PC,TBCA,7.151185295056844,372
PC,MAL2,7.151065099654414,373
PC,SSR4,7.146881159023061,374
PC,PSAP,7.1398367617115674,375
PC,APLP2,7.043338890120118,376
PC,DDT,7.026192801188086,377
PC,COX17,6.938737514242152,378
PC,NDUFS8,6.9374724860152845,379
PC,ATP5F1C,6.930354320803499,380
PC,YBX1,6.893745355343979,381
PC,RPS4Y1,6.8871944672992464,382
PC,EEF1B2,6.881422555679906,383
PC,TMEM258,6.87007414047842,384
PC,DDX5,6.801355219086336,385
PC,CAPG,6.785475558589673,386
PC,SAP18,6.775650650276873,387
PC,HMGN1,6.745523227999277,388
PC,HIST1H4C,6.6898045899525975,389
PC,NDUFB3,6.642323120828637,390
PC,RPS16,6.638015528360133,391
PC,C12orf75,6.59352798668426,392
PC,EID1,6.589235240999014,393
PC,NDUFA2,6.5091961405511585,394
PC,RPS27L,6.494176443346504,395
PC,C19orf53,6.491855473568158,396
PC,CREM,6.489098204923904,397
PC,GATA3,6.477672974302518,398
PC,HSBP1,6.392657249797659,399
PC,SNRPN,6.390920330657613,400
PC,PARK7,6.356287061824151,401
PC,CHGB,6.307175556346156,402
PC,PTMS,6.275191311947732,403
PC,SMIM22,6.232976083493542,404
PC,SCIN,6.2201039726728995,405
PC,PDK4,6.215356153011115,406
PC,HMGCS2,6.1710658070561895,407
PC,NDUFS6,6.143695783434373,408
PC,PRDX6,6.131766394778241,409
PC,MORF4L1,6.111766292878051,410
PC,COX20,6.1102415762788285,411
PC,CALR,6.107043223257052,412
PC,CKB,6.10608820303084,413
PC,IFITM3,6.046653674437257,414
PC,XIST,6.039173648431529,415
PC,HIGD1A,6.037904543756472,416
PC,TRMT112,6.037380361152167,417
PC,NDUFA11,6.034610365676906,418
PC,FKBP2,5.963323675835891,419
PC,RPL4,5.957237162223155,420
PC,SLC38A1,5.827820179318703,421
PC,CPVL,5.819990766296344,422
PC,C9orf16,5.7574785237556,423
PC,PPIB,5.727757119730267,424
PC,MRPS6,5.709923714697013,425
PC,NR4A1,5.666013396555128,426
PC,C19orf70,5.6416692098973655,427
PC,VAMP8,5.63426815532709,428
PC,GLS,5.610268745622737,429
PC,EGR1,5.585643281672368,430
PC,PNKD,5.583372386008404,431
PC,NDUFB8,5.574928207333629,432
PC,HES1,5.558530817608731,433
PC,MZT2B,5.546570582675994,434
PC,SRSF9,5.540978226637902,435
PC,HLA-DRB1,5.523016173745672,436
PC,POMP,5.511769796237322,437
PC,LAMTOR4,5.497605761150882,438
PC,TUBB4B,5.491216018114033,439
PC,NDUFAB1,5.488110579859084,440
PC,SCNN1G,5.470908747767486,441
PC,FGL2,5.447598094926149,442
PC,CLIC1,5.444627564824139,443
PC,NPC2,5.388455587818483,444
PC,HLA-DRA,5.380830450641102,445
PC,SNRPG,5.350126142215855,446
PC,RPL36A,5.311274685833228,447
PC,KTN1,5.298900810593886,448
PC,LGALS3,5.264855804594505,449
PC,C14orf2,5.26251342273652,450
PC,RBX1,5.2598649848803,451
PC,NDUFB9,5.257667692540787,452
PC,ANAPC16,5.216962180754715,453
PC,GPX1,5.175403392959656,454
PC,NDUFA6,5.165981001167973,455
PC,CDK2AP2,5.161623920033621,456
PC,ERH,5.160206443029475,457
PC,ERP29,5.141878543591976,458
PC,GPX3,5.1186580721355535,459
PC,NDUFV2,5.060469212103256,460
PC,RABAC1,5.038052175674796,461
PC,NR2F2,5.037308075421016,462
PC,PHPT1,5.035141665959111,463
PC,MPC1,5.032610830165025,464
PC,PCBD1,5.016358103182366,465
PC,UCHL1,5.0104805147610945,466
PC,ARPC3,4.99859004196415,467
PC,CST6,4.9929660246621665,468
PC,SRI,4.877913635047876,469
PC,ATP5G1,4.870391132365363,470
PC,BAG1,4.860361918606859,471
PC,AC087379.2,4.823457282106491,472
PC,ATP5J2,4.811407996805425,473
PC,NDUFB5,4.793317117805302,474
PC,RPL17,4.78762733415853,475
PC,YWHAB,4.785573719979993,476
PC,ADH1C,4.775724039916702,477
PC,MMP24OS,4.76058992978308,478
PC,WNK1,4.719598698631202,479
PC,RAN,4.716604502149293,480
PC,ISCU,4.6773319734813406,481
PC,CLDN4,4.672657916971142,482
PC,RANBP2,4.663839861050609,483
PC,MGST1,4.656765094682452,484
PC,NENF,4.638401959467781,485
PC,ZFP36L2,4.574577674046175,486
PC,EMX1,4.5670839819853555,487
PC,CUTA,4.56656057515575,488
PC,PCBP2,4.56610822741367,489
PC,PGK1,4.53855932699016,490
PC,PTP4A2,4.523658980175551,491
PC,ZFP36L1,4.505497402941925,492
PC,CYFIP2,4.490583852805745,493
PC,PTGES3,4.486244056603758,494
PC,SEM1,4.4798970653948125,495
PC,SUMO1,4.466603719818005,496
PC,NUCKS1,4.465903552302456,497
PC,C4orf48,4.450792922965803,498
PC,ROMO1,4.418274936589956,499
PC,CCNI,4.415948371171266,500
PC,IVNS1ABP,4.399740551363859,501
PC,KCNJ16,4.38150755324682,502
PC,SNU13,4.3769385240610355,503
PC,KRT10,4.3690573719120955,504
PC,MRPL41,4.350349046109487,505
PC,CYS1,4.316717215234513,506
PC,LCN2,4.272204761056763,507
PC,SRP9,4.2595077651749165,508
PC,DMKN,4.251849731715844,509
PC,TMEM176A,4.22725197411522,510
PC,AURKAIP1,4.2193361832628575,511
PC,C4orf3,4.193799075556252,512
PC,TCEAL9,4.190650297913788,513
PC,COPS9,4.156256259524409,514
PC,MRPS21,4.112960395264455,515
PC,LRPAP1,4.110409893792353,516
PC,MT1X,4.106904410454651,517
PC,MPC2,4.0938662999090205,518
PC,AES,4.091049091305573,519
PC,SELENOW,4.075284333068264,520
PC,NDUFS7,4.068795497710557,521
PC,TAGLN2,4.051564166665978,522
PC,UQCRFS1,4.024801466557961,523
PC,HNRNPK,4.019625792684882,524
PC,ATOX1,4.0099303098779995,525
PC,RDH10,4.006452286673939,526
PC,TMEM141,4.002636408169479,527
PC,SF3B6,3.991369368587409,528
PC,N4BP2L2,3.977482548851051,529
PC,SMDT1,3.9718288950765333,530
PC,HIGD2A,3.9642196750110044,531
PC,RAC1,3.9630815794506504,532
PC,NFE2L2,3.958287867534481,533
PC,SPCS2,3.947831144701894,534
PC,APOE,3.9199159081396475,535
PC,BLOC1S1,3.900524950721533,536
PC,ZBTB20,3.886870539498011,537
PC,DUSP6,3.8670679520707414,538
PC,KCNJ1,3.862741959024102,539
PC,SNX3,3.857035742707475,540
PC,CA12,3.8565620511271814,541
PC,COL18A1,3.8429341666818164,542
PC,AOC1,3.8338664103990285,543
PC,TMBIM4,3.8255433905325438,544
PC,SST,3.8190842123138147,545
PC,TSPO,3.8145891703413097,546
PC,GNG11,3.7968977329127096,547
PC,ATP5B,3.7760774542781466,548
PC,PHLDA2,3.7751105941610863,549
PC,TUBA1B,3.7579510516796675,550
PC,BRK1,3.7376879680144706,551
PC,NAA20,3.7156505482764093,552
PC,TMEM14C,3.711049445342592,553
PC,CANX,3.649335923589637,554
PC,BLVRB,3.6442719616010746,555
PC,HSPA5,3.6122633742996637,556
PC,GSTK1,3.594445256434379,557
PC,LINC00473,3.5900919256157184,558
PC,PSMB1,3.577595196723003,559
PC,DPM3,3.574624102299228,560
PC,SNHG9,3.552683103196975,561
PC,CIB1,3.54981222794524,562
PC,METTL9,3.549580435696628,563
PC,SH3BGRL,3.5246709096782807,564
PC,NAA38,3.522658205306895,565
PC,DUSP2,3.516490176151976,566
PC,HMGN2,3.5161885589112774,567
PC,NDUFA12,3.4861832299075646,568
PC,TRIR,3.4857926527630188,569
PC,PLS3,3.4636761368890063,570
PC,JPT1,3.463266709227601,571
PC,PIK3C2G,3.4443833797398224,572
PC,RPL31,3.4254591568474195,573
PC,KLF6,3.3939997300036215,574
PC,VPS28,3.3883912158627716,575
PC,GABARAP,3.3757891035525462,576
PC,SRSF3,3.3740153620605757,577
PC,MRPL51,3.3716551624916553,578
PC,LRRFIP1,3.369884846603875,579
PC,BEX4,3.3418314544765817,580
PC,TMEM205,3.33853341948971,581
PC,VDAC1,3.3339594992553754,582
PC,SCNN1B,3.329201503631091,583
PC,ITLN1,3.3113731019300467,584
PC,ARL4D,3.3073944466999943,585
PC,NDUFAF3,3.307113333945882,586
PC,CAMTA1,3.305141666512891,587
PC,CLTA,3.296988537335601,588
PC,SELENOP,3.2941133972373793,589
PC,TRAPPC1,3.286138701340358,590
PC,SRSF5,3.2809508021487845,591
PC,BTG3,3.268166189660233,592
PC,HES4,3.265652082338422,593
PC,LGALS3BP,3.2589706809564603,594
PC,GRN,3.2556978648091324,595
PC,H2AFZ,3.2220186221485863,596
PC,PSMA7,3.1997321499534523,597
PC,ATP5F1A,3.1960264093169086,598
PC,COX7A2L,3.1953365098386266,599
PC,TMEM14B,3.1942242899621305,600
PC,MECOM,3.1901773132132543,601
PC,PET100,3.186999083918958,602
PC,GLRX5,3.1834491003939354,603
PC,ALKBH7,3.1829780569723383,604
PC,DYNLT1,3.182415542797145,605
PC,SET,3.1811731280459585,606
PC,PAPPA,3.1715900642198087,607
PC,COX14,3.1666337978873287,608
PC,SLC39A6,3.1618530448224,609
PC,SNRPD2,3.158346259677654,610
PC,SLC25A29,3.148387077159866,611
PC,REEP5,3.1470396216051983,612
PC,SH3BGRL3,3.1273861852493665,613
PC,EMX2,3.1269891118658277,614
PC,PVALB,3.120784343816071,615
PC,PPP1CB,3.104029584490158,616
PC,C12orf57,3.096705193437864,617
PC,SERP1,3.091001084150707,618
PC,SOX4,3.077740432107843,619
PC,SSBP1,3.0742315463328027,620
PC,EIF4G2,3.07393006437931,621
PC,GATA3-AS1,3.0709492490056984,622
PC,SEC11A,3.070533250714111,623
PC,PIGQ,3.068740081868821,624
PC,SDHD,3.0633213022405394,625
PC,DNAJA1,3.056947231426671,626
PC,B4GALT1,3.0553012857248953,627
PC,ATRAID,3.0549886745542687,628
PC,CD46,3.0537684062394606,629
PC,MDH1,3.0500519892454725,630
PC,SCAND1,3.0469409268988237,631
PC,TECR,3.045920302793914,632
PC,PDHA1,3.0449743344724336,633
PC,MRPL20,3.043287667128139,634
PC,ADIRF,3.027352840270228,635
PC,HACD3,3.024975911505817,636
PC,YWHAZ,3.0220443924729854,637
PC,TUFM,3.0204324814015764,638
PC,HNRNPDL,3.0139835618204134,639
PC,PSMB6,3.0124648418563726,640
PC,CYBA,3.0041078236129524,641
PC,METRNL,2.997882193353612,642
PC,RTN3,2.997630234772858,643
PC,TMED10,2.996205067128054,644
PC,GIPC1,2.9832210617574004,645
PC,AHNAK,2.9786747899859822,646
PC,ZNHIT1,2.9765479161063233,647
PC,PAX8,2.9681569544757163,648
PC,HOXD8,2.955142271913571,649
PC,ACADVL,2.931225792865425,650
PC,SOD2,2.9210166024813176,651
PC,COMT,2.9083325773417603,652
PC,HCFC1R1,2.899980398975911,653
PC,PDIA6,2.8925209853380363,654
PC,SCCPDH,2.882244158851094,655
PC,PRKAR1A,2.874849449823946,656
PC,TMEM219,2.871652644544179,657
PC,S100A1,2.871493351293923,658
PC,KCNJ15,2.870374091597599,659
PC,ALDOB,2.867625352739677,660
PC,STAT1,2.861536095721137,661
PC,CLDN8,2.84945519115104,662
PC,ITGB1,2.841682435505039,663
PC,SLIRP,2.8308173401817847,664
PC,SYNE2,2.830358239133852,665
PC,HNRNPU,2.827430752265583,666
PC,GPRC5C,2.826427278287119,667
PC,ABCB1,2.825634235440261,668
PC,SON,2.8106858366186547,669
PC,DCDC2,2.8048925008485637,670
PC,BRI3,2.7878682035061666,671
PC,TUBB,2.778542107874331,672
PC,ARL6IP4,2.7729975584464928,673
PC,MDH2,2.771651968676485,674
PC,LSM3,2.767031889676594,675
PC,ST13,2.7669015237438437,676
PC,PSMB3,2.7659392987664875,677
PC,PFKFB3,2.7629149946240172,678
PC,MRPL57,2.7587378046177644,679
PC,NME3,2.7584898991109963,680
PC,VAMP2,2.749078961562949,681
PC,SCPEP1,2.7437209459609972,682
PC,RHOB,2.7366301644717295,683
PC,MAN1A1,2.7249685787093907,684
PC,ERBB2,2.7148246765022446,685
PC,SELENOK,2.7106908627254884,686
PC,EIF1B,2.708520566120301,687
PC,SARAF,2.7080589596094637,688
PC,ALDH1A1,2.707361012927959,689
PC,CAPS,2.7051469976551488,690
PC,FAM96B,2.679601174788327,691
PC,FDX1,2.6774579329170587,692
PC,MRPL52,2.6705506325989528,693
PC,CYC1,2.6418997903086074,694
PC,TOMM20,2.6370336862766646,695
PC,PPP1R14B,2.6341560620040845,696
PC,DECR1,2.6113314991573757,697
PC,PDIA3,2.6082548404623638,698
PC,OCIAD1,2.6080979651036493,699
PC,ZNF593,2.607761749318119,700
PC,ARL2,2.5928771904254977,701
PC,CDH1,2.582419639875462,702
PC,CRIP2,2.5778519479753945,703
PC,ATP5C1,2.5752421584579253,704
PC,PTBP3,2.5675823917618854,705
PC,ATP5O,2.567211418955407,706
PC,BEX2,2.565086262216659,707
PC,SNHG8,2.561485513850537,708
PC,NOP10,2.560953807384187,709
PC,ANXA11,2.5582496196407867,710
PC,ECHS1,2.5529367012601027,711
PC,PSME1,2.552771517322909,712
PC,ENY2,2.5487457715367725,713
PC,POLR2I,2.5468270733910643,714
PC,RAB13,2.540338505677825,715
PC,MICOS10,2.538055121643191,716
PC,TMCO1,2.531593554852573,717
PC,RER1,2.5276932121472724,718
PC,DNAJB6,2.520509470453388,719
PC,SOCS3,2.51919827152977,720
PC,TGOLN2,2.513340781456581,721
PC,TMEM50B,2.50607676709165,722
PC,SNRPE,2.500039184790726,723
PC,LMNA,2.4989289682308224,724
PC,SDC4,2.4945977439877027,725
PC,APRT,2.4884071766681624,726
PC,GHITM,2.4871355071620167,727
PC,TMED4,2.480696462825867,728
PC,EEF2,2.4663111666031203,729
PC,PNISR,2.4590023228656515,730
PC,GADD45GIP1,2.4451242576378016,731
PC,CXCL14,2.443958562306984,732
PC,MYEOV2,2.4368138041850314,733
PC,ARHGAP29,2.4360187388115553,734
PC,EIF4A2,2.4285351905195416,735
PC,RHOA,2.4132231541850997,736
PC,PHLDA1,2.412264035972913,737
PC,SSR2,2.4117958437416993,738
PC,PCBP1,2.407953245248352,739
PC,CHMP2A,2.396923406371538,740
PC,AGRN,2.394729969572457,741
PC,PHB,2.392390012044279,742
PC,SNRPD3,2.389704420280423,743
PC,TXNDC17,2.3889491718249642,744
PC,GTF2H5,2.383447737868104,745
PC,ATP5H,2.3772433886732585,746
PC,NDFIP1,2.3753185281332296,747
PC,DHRS7,2.3654230164725143,748
PC,DNPH1,2.3553025965607066,749
PC,SELENOH,2.3545613617803487,750
PC,BCL7C,2.349856132611614,751
PC,KNG1,2.3425718683686583,752
PC,ECH1,2.337834795815969,753
PC,ETFB,2.3344587191950157,754
PC,PTP4A1,2.3245620332099826,755
PC,DAZAP2,2.324229904789802,756
PC,FKBP1A,2.31736899764158,757
PC,MT-ND6,2.3108675351885055,758
PC,TIMM13,2.306742602648997,759
PC,MAP1LC3A,2.3065094594433586,760
PC,SYPL1,2.3027424867039086,761
PC,TMEM230,2.3008573887434682,762
PC,SDCBP,2.2982125291202506,763
PC,VAPA,2.291471124296258,764
PC,CRYZ,2.286328917982906,765
PC,SIVA1,2.2810794593483497,766
PC,SPTBN2,2.2785813416539247,767
PC,HNRNPA3,2.2703925028658274,768
PC,NAP1L1,2.2689314623421395,769
PC,TRAM1,2.259520533307063,770
PC,ATP6AP2,2.2525152211979416,771
PC,ARF1,2.252308947472999,772
PC,RPS20,2.249457944652505,773
PC,PRPS2,2.2470694968253366,774
PC,C11orf58,2.24614536897536,775
PC,AKR1B1,2.2448387539483896,776
PC,POLR2K,2.2326867745210124,777
PC,RNF7,2.2319628608283253,778
PC,TMEM213,2.230074507730599,779
PC,ATF3,2.225171405384226,780
PC,MYO6,2.223150670765217,781
PC,FAM162A,2.2202102035361744,782
PC,SRSF7,2.2162978802697753,783
PC,KRT7,2.2157779804329243,784
PC,GTF2A2,2.2131849557512595,785
PC,ZNF331,2.211486002734264,786
PC,RNASEK,2.211396973769535,787
PC,BANF1,2.2097153059409798,788
PC,C8orf59,2.2026438835211053,789
PC,PFDN2,2.1984129881366226,790
PC,KDELR1,2.198257878703296,791
PC,TMEM50A,2.1918568959372142,792
PC,CD164,2.1887875722418997,793
PC,LSM7,2.1881812554601257,794
PC,YBX3,2.180167518335529,795
PC,LINC00982,2.176694197862089,796
PC,SCP2,2.169375563687016,797
PC,SMS,2.1659970270129927,798
PC,OCIAD2,2.1652108978563263,799
PC,SUCLG1,2.16481433826229,800
PC,NDUFV1,2.161676933734213,801
PC,C7orf50,2.154168809429404,802
PC,CISD1,2.154030603017236,803
PC,ARF4,2.1480301599005904,804
PC,ARPC2,2.147681954001388,805
PC,PRDX3,2.1470325509984534,806
PC,HS6ST1,2.146202811468916,807
PC,IFITM2,2.1336233637214086,808
PC,UFC1,2.1272032355341253,809
PC,ANXA5,2.127050240881159,810
PC,LAMP1,2.1248292645673663,811
PC,ADI1,2.123937354564471,812
PC,TMBIM4.1,2.113410352060856,813
PC,SERINC2,2.099667825779183,814
PC,RBM39,2.099001900263743,815
PC,ACTN4,2.0987072092772374,816
PC,CD151,2.098164339126451,817
PC,SERBP1,2.0942639800639573,818
PC,CSDE1,2.0819680382310386,819
PC,EFCAB14,2.081200273687019,820
PC,TPM1,2.080971647472631,821
PC,ESD,2.0806473881354437,822
PC,SNHG29,2.0803037903950337,823
PC,KITLG,2.074291394418057,824
PC,RBPMS,2.074037929995022,825
PC,LSM5,2.0694636307658065,826
PC,CHPT1,2.0687315185553423,827
PC,BCAP31,2.067433686126832,828
PC,LSM4,2.0632598810871654,829
PC,PABPC1,2.062056530296136,830
PC,TCEAL4,2.0557477398131327,831
PC,UBE2D3,2.0541236630312456,832
PC,SFPQ,2.0271958710346754,833
PC,MYH10,2.02366610040658,834
PC,ATP6V0C,2.0162670060857115,835
PC,CHMP5,2.0125045470408542,836
PC,DRAP1,2.009064207846859,837
PC,GINM1,2.005702811480184,838
PC,TMEM238,2.0051795655182945,839
PC,TTC3,2.003123911613005,840
PC,VDAC2,2.001696655704718,841
PC,NBL1,1.9894651492049085,842
PC,EZR,1.98850587121091,843
PC,PTPLAD1,1.9759935177647316,844
PC,NDUFB8.1,1.974552566386619,845
PC,ID4,1.9720639304523422,846
PC,SOCS1,1.9678168693310325,847
PC,IQGAP1,1.9655653409778844,848
PC,PGAM1,1.9640485426089345,849
PC,SQSTM1,1.9554219106583803,850
PC,VMP1,1.9545564921302205,851
PC,NORAD,1.9543294603021382,852
PC,COPE,1.950753858001558,853
PC,HIF1A,1.9429793231367605,854
PC,RHOC,1.935732239100677,855
PC,MAP3K13,1.9328824061590477,856
PC,FOSL2,1.9325376924544746,857
PC,OSTC,1.93241954367599,858
PC,GMNN,1.9323537328841711,859
PC,LEPROT,1.9283792480564248,860
PC,VPS29,1.928257338172645,861
PC,SF3B5,1.9258338383584834,862
PC,SMIM26,1.925625233382078,863
PC,ECI1,1.9171038390239237,864
PC,LHX1,1.912620846656849,865
PC,H2AFJ,1.9121104474293158,866
PC,SCNN1A,1.9102323324116741,867
PC,TIMM8B,1.9090150547192883,868
PC,ELF3,1.9056812290040561,869
PC,RAB2A,1.9049566006707725,870
PC,SEPW1,1.9023419302473048,871
PC,SSU72,1.881383372854259,872
PC,SRRM2,1.8776688188058084,873
PC,PRR13,1.8739216541324193,874
PC,SMIM6,1.8687460669853988,875
PC,FCGRT,1.8646262224853378,876
PC,LAMTOR1,1.8597450266535231,877
PC,PYURF,1.849749709547952,878
PC,CADPS2,1.8468364229009875,879
PC,SHFM1,1.8390466514646004,880
PC,ANAPC13,1.839039419864247,881
PC,SF1,1.8370701903927462,882
PC,STMN1,1.8369144468540357,883
PC,HNRNPC,1.8351498717984238,884
PC,KRTCAP2,1.834133180834224,885
PC,METAP2,1.827661377967385,886
PC,TFCP2L1,1.8247852345018123,887
PC,DUT,1.8222716792519027,888
PC,NCL,1.821948415879289,889
PC,GTF2I,1.8208819726937866,890
PC,FOSB,1.819740600086732,891
PC,L1CAM,1.818407276110023,892
PC,UQCRC2,1.8134749202667868,893
PC,AAK1,1.8118685333491404,894
PC,CNN3,1.802445124441348,895
PC,CNBP,1.8015945647207634,896
PC,CTSL,1.7988147253397215,897
PC,GABARAPL1,1.7950980420956193,898
PC,NDUFS3,1.7948728963634657,899
PC,MRPS36,1.7888476198960586,900
PC,PNRC1,1.7845209603138312,901
PC,NDUFB6,1.7729814866147418,902
PC,HEBP1,1.7688930130667626,903
PC,SCOC,1.7645973080303359,904
PC,SF3B14,1.75813039957997,905
PC,SVIP,1.7570500024158204,906
PC,FKBP8,1.755830979321165,907
PC,EIF1AX,1.7516419303043536,908
PC,LAPTM4B,1.7441778831852819,909
PC,CAPNS1,1.7332946507752385,910
PC,CCL2,1.7316617721855783,911
PC,LSMD1,1.7312111746308056,912
PC,MAGED2,1.7285063999733667,913
PC,SPTBN1,1.727414945614897,914
PC,NTN4,1.7245374012708243,915
PC,WBP5,1.7232680903209325,916
PC,NDUFA8,1.7229028042120378,917
PC,VKORC1,1.720691727057091,918
PC,RTRAF,1.7199614681047004,919
PC,KCTD12,1.7193681900247442,920
PC,C1QBP,1.7123690871510189,921
PC,TMEM245,1.710407638020401,922
PC,IDI1,1.7098266833910256,923
PC,MACC1,1.7093666841743023,924
PC,HSPD1,1.708644133454361,925
PC,EEF1E1,1.7064388176143193,926
PC,GTF3C6,1.705324777261807,927
PC,SERPING1,1.7033623808122984,928
PC,XBP1,1.701647229245785,929
PC,NFAT5,1.6984652497595112,930
PC,MORN2,1.6969847713246757,931
PC,SFT2D1,1.6918854085756285,932
PC,NBDY,1.6889774775393658,933
PC,HINT2,1.6867958150178242,934
PC,ARGLU1,1.686614966296737,935
PC,ANAPC11,1.6847989172712552,936
PC,SEPP1,1.680356471879135,937
PC,MYL6B,1.6772590524361812,938
PC,PPIC,1.6761962051711232,939
PC,HNRNPF,1.6720633731411723,940
PC,ACADM,1.6708531538683586,941
PC,TMEM160,1.6708039407235902,942
PC,TUBA1C,1.668199609161931,943
PC,STMP1,1.6676199988164353,944
PC,ATP6AP1,1.662864657409163,945
PC,MLF2,1.6627736555638999,946
PC,LMAN1,1.661966538359873,947
PC,PLLP,1.657139086394204,948
PC,EIF4A1,1.6489057706498085,949
PC,ARF5,1.6471234416907223,950
PC,CD59,1.6424824815499535,951
PC,COPRS,1.6421967849733936,952
PC,PPP2R1A,1.6417886413931122,953
PC,TMEM66,1.6400355705272358,954
PC,ZNRD1,1.6338172298986517,955
PC,BTG1,1.6311430857486497,956
PC,AP2S1,1.6290706550040774,957
PC,SLC5A3,1.6262086186326665,958
PC,ATRX,1.6258662186077155,959
PC,C19orf43,1.6237723026346143,960
PC,FXYD3,1.6237065229416496,961
PC,EIF3F,1.6232312571754204,962
PC,MGMT,1.6222697278295701,963
PC,POLR2J,1.6217616217777553,964
PC,EIF5A,1.6216164132343898,965
PC,MIDN,1.613201223048494,966
PC,GSTO1,1.6077062328492402,967
PC,UXT,1.6063307323205054,968
PC,SRRM1,1.6042963377960475,969
PC,NME2,1.6029424321681986,970
PC,TSPAN6,1.6024773041518918,971
PC,CSNK2B,1.599641064656824,972
PC,VEGFB,1.5982336240825892,973
PC,PLSCR1,1.5978341194747157,974
PC,CAPZA2,1.5971327928865184,975
PC,EIF6,1.5948803545262837,976
PC,DPY30,1.5932823305371004,977
PC,TMEM256,1.5924160320440446,978
PC,SORL1,1.5907216510794382,979
PC,PSMD8,1.5896874596765476,980
PC,SF3B1,1.5822750730461705,981
PC,HEBP2,1.5787869303782145,982
PC,AKAP9,1.5781330923837387,983
PC,TMEM52B,1.5702158992093216,984
PC,UQCRC1,1.5700297104731806,985
PC,TALDO1,1.5646399859269018,986
PC,LAMB1,1.5642332764214002,987
PC,DYNC1I2,1.5600819087386348,988
PC,MZT2A,1.5540286873308005,989
PC,NEDD4L,1.5533056686337385,990
PC,PRELID1,1.5524787191555989,991
PC,PSME2,1.5522432664595067,992
PC,SRSF2,1.5503284922794545,993
PC,NHP2,1.5494609266631394,994
PC,SLC4A4,1.5483248158017255,995
PC,TAX1BP1,1.5473684701223507,996
PC,LMAN2,1.5468408206292525,997
PC,FAM3B,1.5386358731036904,998
PC,GOLGB1,1.5368035633351007,999
PC,SERTAD1,1.5365834075434917,1000
PC,JTB,1.5355161607557317,1001
PC,GLO1,1.5335249669831477,1002
PC,AFF1,1.5314302174609926,1003
PC,MRPL34,1.5312072424499243,1004
PC,PLXNB2,1.530578356131595,1005
PC,STUB1,1.5296116116772218,1006
PC,LAMTOR2,1.5261884260093705,1007
PC,TAF10,1.5261229581304252,1008
PC,PTPN13,1.5231265879270286,1009
PC,BICC1,1.5214315609239224,1010
PC,PGRMC1,1.5194912299232626,1011
PC,MFF,1.514949755343374,1012
PC,SNRPF,1.5141210320373166,1013
PC,RASSF7,1.5090128634596598,1014
PC,DPP7,1.5086548890186293,1015
PC,MMP24-AS1,1.5043902880188513,1016
PC,NPTN,1.503844453763272,1017
PC,CALM3,1.50347052543692,1018
PC,DDR1,1.4985232585522783,1019
PC,RSRP1,1.4983946931579497,1020
PC,EIF3G,1.4971904772450841,1021
PC,CNPY2,1.4970332995414457,1022
PC,UQCC2,1.495567490908435,1023
PC,THSD7A,1.4952745178045075,1024
PC,MRFAP1,1.493751423445571,1025
PC,CLDN3,1.4923803439095844,1026
PC,SDHC,1.4921864916668508,1027
PC,HADHB,1.4900889689530912,1028
PC,SEPT2,1.487426441068377,1029
PC,NHP2L1,1.484585859762807,1030
PC,RSL24D1,1.4832041296721368,1031
PC,TSPYL1,1.4826941014636845,1032
PC,TMED5,1.4810284406007468,1033
PC,NAPA,1.4801757481082505,1034
PC,LUC7L3,1.4791752187733627,1035
PC,DNAJC19,1.4726759252948152,1036
PC,ITGAV,1.4702953691364562,1037
PC,PSMB5,1.465478551580445,1038
PC,SLC26A7,1.4650594101340078,1039
PC,RHCG,1.464691837304987,1040
PC,TM9SF3,1.4642777408485004,1041
PC,JUP,1.4640148025280406,1042
PC,GNS,1.4598801351788255,1043
PC,RHOBTB3,1.458131654735944,1044
PC,CTSC,1.455258444153467,1045
PC,ELOC,1.452263781486572,1046
PC,NDUFA10,1.4476223891423174,1047
PC,SLC44A2,1.4474309901165126,1048
PC,GLRX,1.446547742829467,1049
PC,ATP6V0D1,1.4464110093651614,1050
PC,RNF19A,1.4447764075530083,1051
PC,PCMTD1,1.4403356891639383,1052
PC,TMEM179B,1.4365512250532333,1053
PC,LGALS1,1.4331777682918991,1054
PC,LINC01983,1.4331075015598707,1055
PC,TMEM147,1.4330022976062025,1056
PC,PABPN1,1.43277115030474,1057
PC,AGR2,1.4324629793490418,1058
PC,TBCB,1.4295647824626432,1059
PC,BOLA3,1.426929038348324,1060
PC,CLTC,1.4262097297296648,1061
PC,AVPR2,1.4254113511682776,1062
PC,FUNDC2,1.4249254330327128,1063
PC,SRSF11,1.423405992489135,1064
PC,AP2M1,1.4227757170734354,1065
PC,SELENOT,1.4214548672916885,1066
PC,MRPL54,1.4204821491252235,1067
PC,CHID1,1.4202238041325381,1068
PC,TEX264,1.4192981979180064,1069
PC,EIF5B,1.4092053200672963,1070
PC,SNX2,1.4080012127855448,1071
PC,SEPT7,1.405401414391152,1072
PC,RPA3,1.4038273106071855,1073
PC,UBE2B,1.4035846705961457,1074
PC,CXCL2,1.400120761548872,1075
PC,UBXN4,1.3987593219631265,1076
PC,CAPZB,1.3966321526853664,1077
PC,ADH5,1.3948969177864112,1078
PC,MOCS2,1.3912046876411968,1079
PC,IDH2,1.3788512892668983,1080
PC,PDZK1IP1,1.3723728416670797,1081
PC,C5orf24,1.37105147687445,1082
PC,MSRB2,1.3707901037361379,1083
PC,PIM3,1.3695820041958273,1084
PC,SGK1,1.3690814731154295,1085
PC,DDX24,1.3656819507356732,1086
PC,CSRP1,1.3652999407215127,1087
PC,NDUFS2,1.36235227810739,1088
PC,PPIG,1.3596901951973797,1089
PC,SPINT1,1.3590596649755777,1090
PC,ANXA4,1.3586102245138818,1091
PC,RNASEH2C,1.3578976850865847,1092
PC,PERP,1.3574015428173947,1093
PC,ACAT1,1.357242639709448,1094
PC,MRPL27,1.3530733361302185,1095
PC,HLA-E,1.3527252854497496,1096
PC,TBX2,1.351052237261697,1097
PC,MRPS26,1.350813146698309,1098
PC,RNH1,1.347969426523913,1099
PC,RCN2,1.3466855309680794,1100
PC,ZNF44,1.3456815704077019,1101
PC,VPS35,1.3452407259826997,1102
PC,F11R,1.3447640335196767,1103
PC,CETN2,1.3404365799950217,1104
PC,CCPG1,1.3377181802789186,1105
PC,HNRNPM,1.3357847519263273,1106
PC,MIEN1,1.334164287247427,1107
PC,AMD1,1.330978382358425,1108
PC,EIF3E,1.3304080827553975,1109
PC,MT1F,1.3297389914207411,1110
PC,PTTG1IP,1.3276151583807358,1111
PC,CXXC5,1.3272581321712735,1112
PC,PCM1,1.3224927519992984,1113
PC,EPS8L2,1.3215791444430742,1114
PC,RBM8A,1.3191830029665494,1115
PC,ZFAND5,1.3166278486503742,1116
PC,ZNF706,1.3158645142762397,1117
PC,PSMA2,1.3149593048181427,1118
PC,ARL1,1.3102422510677516,1119
PC,XRCC5,1.3046313611198506,1120
PC,PDE4D,1.3024122951734634,1121
PC,TRPM3,1.3017194030486645,1122
PC,SPINT1-AS1,1.2980082441197518,1123
PC,CHCHD5,1.295534347226209,1124
PC,NSA2,1.293021963246098,1125
PC,FUCA1,1.2909847539446369,1126
PC,DCXR,1.2908341588526062,1127
PC,JAK1,1.2902481550084781,1128
PC,GOT1,1.2894814326293906,1129
PC,ODC1,1.2879428019945007,1130
PC,MRP63,1.2878479982178233,1131
PC,KIF5B,1.2877718703298167,1132
PC,ARPP19,1.2858061094035635,1133
PC,HP1BP3,1.2842665823912884,1134
PC,RGS2,1.2805229767437478,1135
PC,NASP,1.2787144571415658,1136
PC,EIF4B,1.2775517950447197,1137
PC,YWHAQ,1.277413097965658,1138
PC,ERP27,1.2754980954453716,1139
PC,RHEB,1.2736436355598513,1140
PC,CAST,1.2707695232114968,1141
PC,RRAD,1.2693547816617292,1142
PC,PTPRF,1.2675555096297269,1143
PC,C11orf31,1.2672280751467933,1144
PC,VDAC3,1.266245439924075,1145
PC,DNAJC15,1.2643412569366252,1146
PC,THBS1,1.2642034776719897,1147
PC,ITGB8,1.2633360170061416,1148
PC,DCPS,1.2605246000966472,1149
PC,TIMP3,1.2598942624921574,1150
PC,RPN2,1.2596275657273455,1151
PC,SEPT11,1.2591453557833,1152
PC,SMIM14,1.258460577511833,1153
PC,VIM,1.256264597971549,1154
PC,CCDC198,1.252303310191412,1155
PC,IGFBP5,1.250325208140958,1156
PC,BUD31,1.2482338753897326,1157
PC,KIF12,1.2464879712870929,1158
PC,AKR7A2,1.2428055105345601,1159
PC,HN1,1.2416786588073165,1160
PC,MSMO1,1.2399516213052295,1161
PC,CHCHD1,1.2387083561389463,1162
PC,CLN5,1.2356970596414698,1163
PC,PAIP2,1.2356793771395813,1164
PC,TM9SF2,1.234431416365474,1165
PC,SSB,1.2327815966529188,1166
PC,CHMP1B,1.2304240444390535,1167
PC,PFN2,1.229886887889432,1168
PC,DNAJB1,1.2286829533098984,1169
PC,NUCB1,1.2284936580007653,1170
PC,VTI1B,1.228007957163161,1171
PC,VTCN1,1.2258328005376986,1172
PC,CLCN3,1.2256866125280732,1173
PC,YPEL5,1.2234588374921613,1174
PC,RANBP1,1.2222508378406158,1175
PC,ZFAS1,1.2222121146408849,1176
PC,RNF181,1.222086057726529,1177
PC,SELENOF,1.218679961482847,1178
PC,HIP1R,1.2172106125866917,1179
PC,ANK3,1.215784222195819,1180
PC,NT5C,1.2137254549731056,1181
PC,TXN2,1.2127802070122642,1182
PC,PAX2,1.2101829269761042,1183
PC,RAB11A,1.2061390211868184,1184
PC,GCC2,1.2046598530629695,1185
PC,NDUFV3,1.2037049324463303,1186
PC,SYNJ2BP,1.2033180750519743,1187
PC,SNRPB,1.2032919544084804,1188
PC,ARL6IP5,1.2031506095600912,1189
PC,DCTN3,1.2028903196450087,1190
PC,ARL3,1.1997168463663341,1191
PC,RPS19BP1,1.1984768864825024,1192
PC,DCUN1D1,1.1953005253185502,1193
PC,TMEM123,1.194787129195094,1194
PC,ATP5A1,1.194171769760677,1195
PC,EIF5,1.1913802282772747,1196
PC,AK2,1.1913081934394008,1197
PC,FMC1,1.1901591866226255,1198
PC,RBM47,1.1891462688504717,1199
PC,CBX5,1.1872828238858855,1200
PC,SERINC1,1.1820441846368892,1201
PC,GCSH,1.1811265333612189,1202
PC,SYF2,1.180163503442074,1203
PC,FUS,1.1787134829603119,1204
PC,PDCD5,1.1770561035141092,1205
PC,NUDC,1.1761928828101236,1206
PC,MYO1B,1.1738596700882313,1207
PC,CHURC1,1.1732089901413918,1208
PC,SPAG7,1.1730986090104478,1209
PC,SBDS,1.1721540271990856,1210
PC,C6orf62,1.1719761756677518,1211
PC,TMED2,1.1718762333718344,1212
PC,RAB25,1.1699785207190114,1213
PC,PLEKHJ1,1.1695907114118098,1214
PC,LPCAT2,1.1672723240372649,1215
PC,HNRNPD,1.166960830114541,1216
PC,LCN12,1.1635193383788944,1217
PC,GATA2,1.1617609962267803,1218
PC,CDV3,1.1614908339326322,1219
PC,CLTB,1.1611506538487584,1220
PC,NUPR1,1.1600784378258282,1221
PC,SPTAN1,1.1580741166011723,1222
PC,RAP1B,1.15760374181002,1223
PC,PRRC2C,1.1574584430560009,1224
PC,LITAF,1.157136550884056,1225
PC,EIF3H,1.157027082622239,1226
PC,MRPL43,1.156492157116944,1227
PC,FAM177A1,1.1556914415718509,1228
PC,TRAPPC2L,1.1540564225842282,1229
PC,KIAA1109,1.153465522348565,1230
PC,MRPL40,1.1533033950929599,1231
PC,SLC9A4,1.1516955812227838,1232
PC,MYL9,1.1509493889054716,1233
PC,UBE2M,1.1493239806263333,1234
PC,MRPS12,1.1480887948332255,1235
PC,NDUFAF8,1.1471943240678286,1236
PC,XRCC6,1.1468757613991967,1237
PC,CNIH4,1.1457081182342024,1238
PC,PDCD6,1.1412017808322308,1239
PC,TMED9,1.1405783036920152,1240
PC,TCEAL8,1.140132979502883,1241
PC,YPEL3,1.140003712605099,1242
PC,BMPR1B,1.1382904992080682,1243
PC,PHB2,1.1377611462864508,1244
PC,H2AFV,1.1372058304326012,1245
PC,HSD17B10,1.1370197134755926,1246
PC,RASL11A,1.1364522947407592,1247
PC,ADGRG1,1.1355638413392395,1248
PC,COPZ1,1.135411130877309,1249
PC,MRPS33,1.1350154761586073,1250
PC,PFKL,1.1334279042126658,1251
PC,HPGD,1.1307756103804525,1252
PC,ATP5PB,1.1306361396814426,1253
PC,HIPK2,1.1292447787754365,1254
PC,WWTR1,1.1286259997160262,1255
PC,PTS,1.1276763572861987,1256
PC,ARHGAP5,1.1275502082661113,1257
PC,UGT3A1,1.1273679664972955,1258
PC,SH3GLB2,1.1264988054890686,1259
PC,HDDC2,1.1251126619769587,1260
PC,PSMA1,1.1238270800077563,1261
PC,PSMA4,1.1233003987578665,1262
PC,TOB1,1.1228062078927694,1263
PC,CRIM1,1.1212703295543256,1264
PC,VAV3,1.1204948670827437,1265
PC,ZNF503,1.1187167781440848,1266
PC,IFI27L2,1.1165089802287351,1267
PC,MTCH1,1.1123205817618,1268
PC,UBE2N,1.1118577698387417,1269
PC,ECHDC2,1.110409383998182,1270
PC,PIGP,1.1087308507110079,1271
PC,SLC8A1,1.1084609129360499,1272
PC,UCP2,1.1076010808635592,1273
PC,C5orf15,1.106203254120941,1274
PC,NUPR2,1.1053745469099832,1275
PC,ATP6V1A,1.1042214445934841,1276
PC,AC019197.1,1.1003906467793358,1277
PC,TWSG1,1.0987199547477968,1278
PC,MAP1LC3B,1.0982955565375376,1279
PC,TPM3,1.096728247472567,1280
PC,HNRNPH3,1.094648209045872,1281
PC,SNX6,1.0944042042845865,1282
PC,DSP,1.0873886159902517,1283
PC,RAB1A,1.087257206616929,1284
PC,REX1BD,1.0863904628649983,1285
PC,PAPOLA,1.0850157022174398,1286
PC,TXNL4A,1.084846112729785,1287
PC,FLNA,1.0834596161827927,1288
PC,CRYL1,1.0828976862479456,1289
PC,GOLIM4,1.0827495546142574,1290
PC,SLC11A2,1.082201103126197,1291
PC,COL9A2,1.0817389537828,1292
PC,CNDP2,1.0811445640133583,1293
PC,DLGAP1-AS1,1.0803031033483665,1294
PC,EPN1,1.0801947662088813,1295
PC,FAM213A,1.0776028029546842,1296
PC,GNB2,1.0769461737799493,1297
PC,ALDH4A1,1.0769298794395632,1298
PC,H1FX,1.0762158524894225,1299
PC,SMARCA2,1.0759279616471669,1300
PC,HADHA,1.075815398230524,1301
PC,UBA1,1.0739697344194468,1302
PC,CTNNA1,1.0734386475548825,1303
PC,MRPS18C,1.0731562584695427,1304
PC,MOB1B,1.0727142437843256,1305
PC,MXRA5,1.0721571398556236,1306
PC,POLR2F,1.071524289711003,1307
PC,BTF3L4,1.071113651228647,1308
PC,ADD3,1.0696327747179235,1309
PC,TIMM17B,1.0693248276020646,1310
PC,MTURN,1.069026145536716,1311
PC,PSMC5,1.0686468346224332,1312
PC,GPI,1.0684245905821406,1313
PC,FAM200B,1.0671265926317066,1314
PC,PGLS,1.0661517964835567,1315
PC,PCYOX1,1.0659000671867025,1316
PC,PPA1,1.0604016118027926,1317
PC,CSNK1A1,1.0582779123522106,1318
PC,SUGT1,1.0571318927321376,1319
PC,APEX1,1.0561837716942994,1320
PC,MRPS34,1.0561788675109989,1321
PC,VPS13C,1.055215531594977,1322
PC,SLC38A2,1.0544737142869676,1323
PC,CAT,1.0535813306332318,1324
PC,PSMA3,1.0527914604668798,1325
PC,PHF3,1.049959678714381,1326
PC,ARHGDIA,1.0480202327001304,1327
PC,RAB5C,1.0479500285654395,1328
PC,CPQ,1.0476959384913958,1329
PC,MEAF6,1.0457132548562296,1330
PC,COPS6,1.044642585472745,1331
PC,MAP4,1.0445027409068963,1332
PC,LINC01503,1.0431853266709536,1333
PC,MCRIP2,1.0416887863302198,1334
PC,ENSA,1.0410370210317852,1335
PC,SYNE1,1.0405197331588298,1336
PC,CBR1,1.0395937175305459,1337
PC,CTNNB1,1.0375670641159678,1338
PC,RBM3,1.032511587126913,1339
PC,MSI2,1.032488197257494,1340
PC,C1orf43,1.03093602249195,1341
PC,STAT3,1.0291110384385702,1342
PC,GPR160,1.0285181902197311,1343
PC,SMCO4,1.0280554559066784,1344
PC,ACTR2,1.027666735620492,1345
PC,PDXK,1.0274438079407922,1346
PC,PRR35,1.0262581364866916,1347
PC,SMIM4,1.022762837079243,1348
PC,MRPL12,1.0222201375731794,1349
PC,KLF10,1.0217837952555473,1350
PC,RARRES3,1.0207701941184713,1351
PC,TMEM9B,1.019760052516513,1352
PC,ITGA2,1.0187399358924212,1353
PC,DDX3X,1.017439810669936,1354
PC,WDR1,1.016358983588936,1355
PC,SLC25A39,1.015383755989707,1356
PC,MT1H,1.0124222559027056,1357
PC,NDUFS4,1.010930949186935,1358
PC,TEX41,1.008830537167297,1359
PC,CTNND1,1.008472770993122,1360
PC,SYTL2,1.008447583117078,1361
PC,MXD4,1.0081693036628863,1362
PC,ARMCX2,1.0078830083895487,1363
PC,SELK,1.006606543865319,1364
PC,IDS,1.0050432773213067,1365
PC,PSMB2,1.0048991555299596,1366
PC,HSPA9,1.001938375527233,1367
PC,ORMDL1,1.0015048525144972,1368
PC,SMIM19,0.999978747126903,1369
PC,ALAS1,0.9996833693274711,1370
PC,TMEM167A,0.9993968196661971,1371
PC,VPS25,0.9993441031330215,1372
PC,BZW1,0.9992204328069498,1373
PC,MTDH,0.9971281514697921,1374
PC,GPBP1,0.9969501547933419,1375
PC,LMBRD1,0.996396706877393,1376
PC,UBE2D2,0.9957494390313518,1377
PC,CBX3,0.9953055663845933,1378
PC,YWHAH,0.9938479588849964,1379
PC,GATM,0.9937884488613199,1380
PC,EEF1G,0.9934578189736942,1381
PC,ARF6,0.9933924653319066,1382
PC,LTBP3,0.9926780677257636,1383
PC,UBXN1,0.992584850040552,1384
PC,MOB1A,0.9910909947465223,1385
PC,TIMM10,0.9899597217848763,1386
PC,TRAPPC6A,0.9877900464613489,1387
PC,LSM6,0.9859815395748148,1388
PC,SNRPB2,0.985414776941829,1389
PC,ASAP2,0.9851720623506548,1390
PC,UBE2L3,0.9845444016578275,1391
PC,BNIP3,0.9813572100182473,1392
PC,ZNF106,0.9808359921511557,1393
PC,MORF4L2,0.9797040104905852,1394
PC,TXNL1,0.9783764089183116,1395
PC,SEC11C,0.9779272927561334,1396
PC,POU3F3,0.9777705961621148,1397
PC,C1D,0.9763800377062287,1398
PC,TMEM208,0.976240013353865,1399
PC,C1orf122,0.9758410447551251,1400
PC,C1orf63,0.975791249136704,1401
PC,SNRPD1,0.9755327554369304,1402
PC,SCAF11,0.9753396907435984,1403
PC,MAGOH,0.9751245981993225,1404
PC,EMC10,0.9747162683581451,1405
PC,PTGER3,0.9743567125771152,1406
PC,SLC16A4,0.9722076282395524,1407
PC,EIF4H,0.9696743540296513,1408
PC,MACF1,0.9692496556093515,1409
PC,TSPAN3,0.9683431674649191,1410
PC,IGFBP3,0.9670510984236907,1411
PC,SNRNP70,0.9668515335919671,1412
PC,EI24,0.9643027942900383,1413
PC,TINAGL1,0.9642122654484873,1414
PC,HSD17B12,0.962434686530971,1415
PC,NFIB,0.961959506093333,1416
PC,LAMP2,0.9616765075742391,1417
PC,RAPGEF3,0.9615605297544826,1418
PC,PIN4,0.9597558539489384,1419
PC,PLEKHB2,0.9590000001064352,1420
PC,HSPA2,0.95859057346877,1421
PC,SGPP1,0.9576526000441161,1422
PC,IMP3,0.9548553132502758,1423
PC,TM7SF2,0.9548293033411203,1424
PC,PPCS,0.9538626692215453,1425
PC,ARPC1A,0.9538518708412987,1426
PC,HOXB7,0.9533198899918496,1427
PC,PPP2CB,0.9526657533825991,1428
PC,GALNT11,0.9524045894817796,1429
PC,SSR3,0.9491783808041572,1430
PC,ZNF428,0.9457478505890573,1431
PC,RAB14,0.9438765821977665,1432
PC,TCF25,0.9426813779530545,1433
PC,CD2AP,0.942162109080318,1434
PC,TOP1,0.9421277761799086,1435
PC,BAD,0.941734075467336,1436
PC,MRPL13,0.9414012327037539,1437
PC,NCOR1,0.9409792449133598,1438
PC,SDHA,0.9395066232094222,1439
PC,IL6ST,0.9375471843320162,1440
PC,SBSPON,0.9366793435908356,1441
PC,EMC7,0.936601673555984,1442
PC,SMIM7,0.9365302279298837,1443
PC,AIG1,0.9356025752962815,1444
PC,KHDRBS1,0.9351785323846327,1445
PC,DNAJC8,0.9337836308820601,1446
PC,SURF1,0.9331443016142114,1447
PC,CTTN,0.9326677789146758,1448
PC,EFHD1,0.9322742644964368,1449
PC,LINC00657,0.9321096768999394,1450
PC,FAT1,0.9311031757184738,1451
PC,EIF3L,0.9293140226038321,1452
PC,HIBADH,0.9288328347378854,1453
PC,IER3IP1,0.9272622953953207,1454
PC,CPNE3,0.924494369766391,1455
PC,CHD9,0.9230518682591307,1456
PC,MSN,0.9228295619216564,1457
PC,PNRC2,0.922129066252371,1458
PC,SLC3A2,0.9217380141968006,1459
PC,MLEC,0.920886528375675,1460
PC,CCT3,0.9202087298018338,1461
PC,MTIF3,0.919473618824536,1462
PC,SLC25A4,0.9169969963701798,1463
PC,RBMX,0.9160504583764145,1464
PC,RAB11B,0.913939935173459,1465
PC,RNF10,0.9138447051988916,1466
PC,OS9,0.9126592537746014,1467
PC,PSMG2,0.912446780442516,1468
PC,ACO2,0.9115527187511416,1469
PC,CLCNKB,0.9114679834636339,1470
PC,TMEM178A,0.9109844643033592,1471
PC,EMC6,0.9107790450977336,1472
PC,ZSCAN16-AS1,0.9106401586008293,1473
PC,ALDH2,0.9106203019626213,1474
PC,CYB5R3,0.9042442283582278,1475
PC,DDOST,0.9035165598798518,1476
PC,S100A16,0.9030807028118177,1477
PC,PLXNB1,0.9023508966412358,1478
PC,MRPS7,0.9020877113940806,1479
PC,RPN1,0.9018127172195909,1480
PC,LPP,0.9012116899515152,1481
PC,STIM2,0.9010472647453138,1482
PC,HLA-DRB5,0.900901353501905,1483
PC,SMIM37,0.8999546706954937,1484
PC,AHCYL1,0.8996780770890203,1485
PC,LSM2,0.8985076882757117,1486
PC,NAXE,0.8982632526019614,1487
PC,COA4,0.8981825789642739,1488
PC,AIMP1,0.8980722650620865,1489
PC,STOML2,0.89656431022814,1490
PC,BDH2,0.8958513007570714,1491
PC,DUSP23,0.8956837279571938,1492
PC,NIPAL1,0.8937815647797862,1493
PC,ATP6V1E1,0.8930088286670463,1494
PC,PRKAG2-AS1,0.8924933265002647,1495
PC,SLC45A4,0.8923256849995895,1496
PC,NOP53,0.8914030523746168,1497
PC,LLGL2,0.8900955384095562,1498
PC,NFKBIA,0.8891282696738567,1499
PC,ANXA3,0.8890135139012183,1500
PC,TP53TG1,0.8881690067436676,1501
PC,CCT2,0.8876829668292119,1502
PC,HDLBP,0.8869515720957242,1503
PC,SLC44A1,0.8864291045396728,1504
PC,PPP2R3A,0.8863103578548157,1505
PC,DYNC2LI1,0.8860276189351766,1506
PC,HUWE1,0.8852559805256421,1507
PC,TIMP1,0.8845830786624207,1508
PC,SELENOS,0.8844904585930328,1509
PC,BBX,0.884453574865237,1510
PC,THOC7,0.8843520654534858,1511
PC,SLC25A11,0.8840554149749503,1512
PC,GSTT1,0.8838881816024975,1513
PC,NPPC,0.8834701453509702,1514
PC,ABHD14B,0.8823723182854172,1515
PC,EIF3A,0.8823658370587504,1516
PC,NME4,0.8816361700514774,1517
PC,AMFR,0.8812564005327178,1518
PC,RAB17,0.8810155364750918,1519
PC,HLA-DPA1,0.8808180035013223,1520
PC,P4HB,0.8804840119047168,1521
PC,DDAH2,0.8781746950006342,1522
PC,RBBP8,0.8766458237943298,1523
PC,OGDHL,0.8757793744153424,1524
PC,PPP4C,0.8755330697271206,1525
PC,CLINT1,0.8753923370698885,1526
PC,C8orf4,0.8747709088539319,1527
PC,FRAS1,0.8745359475505631,1528
PC,HOXB6,0.8740066109920863,1529
PC,ASH1L,0.8733452035376015,1530
PC,SCARB2,0.872847437455295,1531
PC,APH1A,0.8725363354089435,1532
PC,SAT2,0.8722745190225147,1533
PC,GLDC,0.871385888852267,1534
PC,MTMR10,0.8708759020874626,1535
PC,COX16,0.8699804557893849,1536
PC,GPRC5B,0.869018671915335,1537
PC,PSENEN,0.8678392368101433,1538
PC,LIMCH1,0.867453982526289,1539
PC,NAP1L4,0.8667889055308104,1540
PC,PRKCSH,0.8652321988241702,1541
PC,CAB39,0.8651268687934746,1542
PC,SSR1,0.8650892141445639,1543
PC,MRPL15,0.8643032102923728,1544
PC,RASL11B,0.8636744515464088,1545
PC,HNRNPA0,0.8635525996007944,1546
PC,SCAMP2,0.863077948925502,1547
PC,TUBA1A,0.8629425394374621,1548
PC,TNRC6B,0.8628652965670303,1549
PC,WTAP,0.8622470643705208,1550
PC,IQGAP2,0.860628809712271,1551
PC,FLOT1,0.8571560021848085,1552
PC,AP1M2,0.8555936376144764,1553
PC,PRMT1,0.8555619953416946,1554
PC,CTSF,0.8547915557203445,1555
PC,PRPF4B,0.8543729454496564,1556
PC,LINC01116,0.8538564772305552,1557
PC,CYHR1,0.8528917433554334,1558
PC,TBL1XR1,0.8518240952193594,1559
PC,KDELR2,0.8514238161290156,1560
PC,CCNL1,0.8495694071263713,1561
PC,CCT8,0.8479787290766317,1562
PC,RNF213,0.8478262248754596,1563
PC,QPRT,0.8473809504022707,1564
PC,PKHD1,0.847378052921286,1565
PC,ARMCX3,0.8449081501554325,1566
PC,POLE4,0.8447045437767906,1567
PC,RSRC2,0.8443864386217154,1568
PC,PSMB4,0.8430344535745824,1569
PC,FBP1,0.8429128976635123,1570
PC,TMEM134,0.8427747060770072,1571
PC,SPTLC2,0.842222849195754,1572
PC,DYNLT3,0.840646481099437,1573
PC,PROM1,0.8390864088964181,1574
PC,PARD6B,0.8370903002057899,1575
PC,ATP6V1D,0.8344707284496495,1576
PC,DGUOK,0.8336131090975589,1577
PC,STRAP,0.833058151432827,1578
PC,MRPL19,0.8297176173020302,1579
PC,UNC50,0.829205883461642,1580
PC,GOLGA4,0.8278509283670636,1581
PC,RGS5,0.8278161885621123,1582
PC,NME1,0.8254253924264601,1583
PC,GABRA2,0.8244594024788567,1584
PC,TAPBP,0.8223617662048663,1585
PC,ACP1,0.8215995771432584,1586
PC,MATR3,0.8212115523223196,1587
PC,SAR1A,0.8211554169185464,1588
PC,MRPL18,0.8202874475927073,1589
PC,UBE2H,0.8195354026474109,1590
PC,SLC2A4RG,0.8194262178397853,1591
PC,DDRGK1,0.8191166599260473,1592
PC,FLYWCH2,0.8183505573691553,1593
PC,AHI1,0.8183452258001906,1594
PC,NARS,0.8181408996355097,1595
PC,MRPL28,0.8164318108079835,1596
PC,DDAH1,0.8161047412327951,1597
PC,MDM4,0.8149033347101076,1598
PC,PSMB7,0.814416409807839,1599
PC,CAPN2,0.8138387718887684,1600
PC,PQLC3,0.8135493349826687,1601
PC,TRIM8,0.8134738397904047,1602
PC,SELT,0.8122477949684056,1603
PC,MIR4458HG,0.8120090512127076,1604
PC,OAT,0.8119223209791326,1605
PC,RAB3IP,0.8117426951004014,1606
PC,CARHSP1,0.8115935813058344,1607
PC,YIPF3,0.8110674451417152,1608
PC,TERF2IP,0.8105808959243987,1609
PC,IER5L,0.8101665720289983,1610
PC,RBM25,0.8093626340614917,1611
PC,BPTF,0.8088138490981703,1612
PC,NFE2L1,0.8087647090938386,1613
PC,CRYBG1,0.8086564324521023,1614
PC,RAB7A,0.8082776013442392,1615
PC,METTL7A,0.8076035013282212,1616
PC,PLCG2,0.8074663745407635,1617
PC,PLD3,0.8068777044308578,1618
PC,HERPUD1,0.8063074168199799,1619
PC,DMAC1,0.8060056324207379,1620
PC,CARMIL1,0.805993549240092,1621
PC,FAM120A,0.8057344867096301,1622
PC,ARPC5L,0.8040572916510693,1623
PC,PSMA5,0.8034548305318678,1624
PC,FNBP1L,0.8033449165838048,1625
PC,BCLAF1,0.8025301535571103,1626
PC,NFIC,0.8007462137925059,1627
PC,MUC6,0.8005929776828574,1628
PC,TOMM22,0.8000477391871124,1629
PC,TMEM9,0.799763673860094,1630
PC,AGTRAP,0.7985700616017506,1631
PC,UXS1,0.7977285953392139,1632
PC,PLPP5,0.7960290590429853,1633
PC,COQ9,0.7956257632666137,1634
PC,ANP32A,0.7950057836934603,1635
PC,NUDT3,0.794629195907212,1636
PC,RPS17,0.7941081242262653,1637
PC,NFKBIZ,0.7930668619612634,1638
PC,IAH1,0.7927916927612771,1639
PC,GLTP,0.7924798629147697,1640
PC,ZFYVE16,0.7906225554812083,1641
PC,NKTR,0.7884463273057627,1642
PC,VASN,0.7882609320589185,1643
PC,TRIP11,0.7882556243555147,1644
PC,HSPH1,0.7878412111938371,1645
PC,DGCR6L,0.7870293585847952,1646
PC,PRDX4,0.7837118518007682,1647
PC,SSNA1,0.7829702777223311,1648
PC,ANKRD12,0.7810432271261079,1649
PC,CXADR,0.7810086478976057,1650
PC,CFI,0.7806566739118466,1651
PC,MRPL55,0.7798727190664675,1652
PC,LINC00493,0.7791497398134097,1653
PC,CAP1,0.7786222777680007,1654
PC,UBE2K,0.7780713437790147,1655
PC,RAB1B,0.7779869311895169,1656
PC,NDUFA9,0.7769185083775956,1657
PC,TCEA1,0.7765885064488539,1658
PC,ZNF580,0.7765767997791599,1659
PC,DLD,0.7764655731125565,1660
PC,PRRC2B,0.7749993850619693,1661
PC,ZCRB1,0.7736679022036104,1662
PC,CITED2,0.7734054839612277,1663
PC,FGD5-AS1,0.7727016321032256,1664
PC,HEXA,0.7726669218458423,1665
PC,CDC42SE1,0.7723552929102298,1666
PC,ZMPSTE24,0.7719138427381165,1667
PC,CCT4,0.7716139847179349,1668
PC,FAAP20,0.7711700321332298,1669
PC,MBP,0.7710616906321319,1670
PC,EIF2S2,0.7708286632724115,1671
PC,KIFC3,0.7694763230262327,1672
PC,PAQR7,0.7685644469754827,1673
PC,CCT7,0.7673301671011048,1674
PC,ANXA7,0.7672921289463547,1675
PC,NIPSNAP2,0.7662935304299572,1676
PC,ERGIC2,0.7645692505725947,1677
PC,MAPK1IP1L,0.76281744298402,1678
PC,ILF2,0.7624949507207904,1679
PC,CMC2,0.7623702917243201,1680
PC,LYPLA1,0.759670215827884,1681
PC,LAMA5,0.7586231762046092,1682
PC,METTL26,0.7581587953276363,1683
PC,PNN,0.7579694081407482,1684
PC,ARHGAP24,0.7576677563621466,1685
PC,GLIS3,0.7575909786360724,1686
PC,ATF6,0.7573667923494128,1687
PC,MTX2,0.7573626534053972,1688
PC,RNF5,0.7562859580842123,1689
PC,NUDT4,0.7558091769657886,1690
PC,ZBTB44,0.7549655998485141,1691
PC,POLR1D,0.7541903405336245,1692
PC,MAN2A1,0.752967289524874,1693
PC,MRPL4,0.7523070053818407,1694
PC,GNB1,0.75228750053146,1695
PC,FKBP4,0.7521434901646588,1696
PC,MNS1,0.7519812976093283,1697
PC,NDUFA7,0.7511614118238322,1698
PC,AP2B1,0.7509369665339021,1699
PC,ZDHHC2,0.7507330015044559,1700
PC,CAV2,0.7499627181804186,1701
PC,TOP2B,0.7498094807682316,1702
PC,PAPSS1,0.7489011533229468,1703
PC,CDC37,0.7475528967047542,1704
PC,DEGS2,0.7474656718519563,1705
PC,TMEM72,0.7474003006481283,1706
PC,SRSF6,0.7468792806830562,1707
PC,MRPL16,0.7451586874391463,1708
PC,GPAA1,0.7440320542809984,1709
PC,NOL7,0.7438535120108669,1710
PC,MTR,0.7416676624723693,1711
PC,PJA2,0.7412289228375633,1712
PC,HSPG2,0.7410146289464465,1713
PC,DYNC1H1,0.7409271908826887,1714
PC,MRPS16,0.7403453075240124,1715
PC,ERGIC3,0.740183597863066,1716
PC,UFM1,0.7396982254231858,1717
PC,MYDGF,0.7394751468082574,1718
PC,ANP32E,0.7392636414913407,1719
PC,GANAB,0.738227100375169,1720
PC,EIF3I,0.7380119265006934,1721
PC,FAM173A,0.7378853313850904,1722
PC,YIF1A,0.7366819758153128,1723
PC,HIST1H1C,0.7365214743208822,1724
PC,TMED7,0.7364186762204443,1725
PC,PATJ,0.7362778049436572,1726
PC,RPL26L1,0.7349090360818229,1727
PC,TMEM45B,0.7342673381664482,1728
PC,SNHG25,0.7341010374063468,1729
PC,GNAI2,0.7335224041989767,1730
PC,TUBA4A,0.7328731052845419,1731
PC,EFR3A,0.7323121071576629,1732
PC,FXYD5,0.7323117361903722,1733
PC,CD82,0.7322159903332542,1734
PC,ITGB6,0.7316458679191175,1735
PC,CTSA,0.7313501365771573,1736
PC,PRCP,0.7313336839989233,1737
PC,REXO2,0.7298341360226758,1738
PC,PA2G4,0.7297401267548081,1739
PC,HOXB3,0.7277626524120118,1740
PC,AAMDC,0.7277552576515313,1741
PC,TM2D1,0.7276309740941904,1742
PC,ZC3H15,0.7273286881613422,1743
PC,COX7A1,0.7268261080748236,1744
PC,RWDD1,0.7264475152144694,1745
PC,SLC25A36,0.7261380749137273,1746
PC,SMARCA5,0.7257817851230509,1747
PC,SPAG16,0.724915758007088,1748
PC,ISOC2,0.7246213982279879,1749
PC,MRPL22,0.7245575093736121,1750
PC,TMEM101,0.7245504008343567,1751
PC,THRAP3,0.7237279904373003,1752
PC,C11orf54,0.7234660234848173,1753
PC,COA5,0.7222285308434352,1754
PC,MPHOSPH8,0.7221213095958863,1755
PC,TPD52,0.7204359426468114,1756
PC,SNF8,0.7203827105745958,1757
PC,HAX1,0.719943287213157,1758
PC,CLSTN1,0.719637362035847,1759
PC,SMIM24,0.7195640622794257,1760
PC,PURA,0.7195189896963918,1761
PC,FKBP3,0.7194480203762729,1762
PC,HMGB2,0.7176491210178765,1763
PC,ZNF667-AS1,0.7175923642590494,1764
PC,DAP,0.717145216969696,1765
PC,PRKAG2,0.7169878702651755,1766
PC,HNRNPR,0.7169154406609997,1767
PC,UPP1,0.7163715446251511,1768
PC,USP22,0.7160681950803386,1769
PC,GALNT9,0.7158120912206263,1770
PC,ELF5,0.7149509913303272,1771
PC,MCFD2,0.7148170521564887,1772
PC,TRIM2,0.7144079388854705,1773
PC,SUMF2,0.7141904299075024,1774
PC,CHMP3,0.71396197023569,1775
PC,PEX2,0.7133148314366815,1776
PC,TOB2,0.7122670112006846,1777
PC,CHMP4A,0.7115480320661295,1778
PC,PHYH,0.7115447790032786,1779
PC,CLEC11A,0.7103498204401953,1780
PC,ISCA1,0.7087535867553452,1781
PC,ANP32B,0.7083844542384486,1782
PC,ARSD,0.7081569177875933,1783
PC,MYH9,0.7081358423194508,1784
PC,MRPS25,0.7078227632908871,1785
PC,LRP10,0.7074641877124013,1786
PC,EIF3M,0.7070746983167946,1787
PC,ASNA1,0.706703283504198,1788
PC,NR0B2,0.7063298186860791,1789
PC,BRD2,0.7062777565862705,1790
PC,TCEA3,0.7044028329601935,1791
PC,MRPL47,0.7041080205339927,1792
PC,TBC1D1,0.7037342727801863,1793
PC,THUMPD1,0.7036341275080855,1794
PC,HBEGF,0.7031293476577078,1795
PC,C18orf32,0.7029805443124985,1796
PC,SURF4,0.7028925255420047,1797
PC,CASC4,0.7018013962018066,1798
PC,MRPL14,0.7015814742554561,1799
PC,KMT2E,0.7013791535899452,1800
PC,SRGAP3,0.7013413606189831,1801
PC,PPP1CA,0.7008762529581507,1802
PC,CCT6A,0.700577264826697,1803
PC,SUMO3,0.6983303582001874,1804
PC,TPR,0.696711433817607,1805
PC,MTHFD2L,0.6965228695792596,1806
PC,SYNGR2,0.6956822688269244,1807
PC,CRIP1,0.6953907372271496,1808
PC,RAB6A,0.6950454615951128,1809
PC,TFDP2,0.6940364133912815,1810
PC,ACSL3,0.6938471616778341,1811
PC,HECTD1,0.6921492553570449,1812
PC,AC004540.2,0.6920383210363703,1813
PC,ARHGDIB,0.6919379774967062,1814
PC,CHD3,0.6913261349841384,1815
PC,TMEM14A,0.6910592814615041,1816
PC,MRPS15,0.6903213995043287,1817
PC,FAM20C,0.6901166911347858,1818
PC,ECI2,0.6893154770465832,1819
PC,EYA3,0.6890842618196585,1820
PC,RBBP4,0.6882103501118161,1821
PC,TNFRSF11B,0.688134914177843,1822
PC,TMEM106B,0.6868374407563024,1823
PC,C14orf166,0.6865427642789823,1824
PC,RAB34,0.6862824016809269,1825
PC,NDUFAF4,0.6861603051520703,1826
PC,PRKDC,0.6857810996400188,1827
PC,DZIP3,0.6853424387032628,1828
PC,POR,0.6853366564217304,1829
PC,BUD23,0.6852884936744429,1830
PC,ZNF638,0.6846676735996128,1831
PC,GAA,0.6843015684185324,1832
PC,RAB10,0.6815411935595997,1833
PC,ARPC5,0.6800649535554268,1834
PC,DDIT4,0.6799025843360489,1835
PC,SSBP4,0.6798724462209553,1836
PC,U2SURP,0.6794394841438874,1837
PC,PIEZO1,0.6791482380976801,1838
PC,TRAPPC4,0.6786178553940622,1839
PC,ATF4,0.6783716024947172,1840
PC,MRPL2,0.6779327006551037,1841
PC,PREPL,0.6762598492139662,1842
PC,TTC37,0.6760576838758177,1843
PC,ST3GAL4,0.6759287927447477,1844
PC,KL,0.6751990073682508,1845
PC,PIN1,0.6751563779869901,1846
PC,ARID1B,0.6747359746542734,1847
PC,NR4A2,0.6742672809288999,1848
PC,RNF187,0.6729527902223778,1849
PC,PRKAA2,0.672505131958511,1850
PC,SWI5,0.6723338513883323,1851
PC,POLR2H,0.6719136784679788,1852
PC,XRN2,0.6711233214087929,1853
PC,ALG5,0.6709120953622175,1854
PC,ISCA2,0.6707543826950726,1855
PC,AFG3L2,0.670382995313858,1856
PC,TMEM106C,0.6701149723615931,1857
PC,TAF9,0.6688660936623716,1858
PC,PKIA,0.6681512090264539,1859
PC,TMC4,0.6679671103722273,1860
PC,PPA2,0.6677422773446446,1861
PC,METRN,0.6676110713790255,1862
PC,QSOX1,0.6674506611352009,1863
PC,EIF3J,0.6669455313742748,1864
PC,C7orf73,0.6667941022963707,1865
PC,MAP3K21,0.6667781663971081,1866
PC,CISD2,0.6662525403054134,1867
PC,PAK2,0.6657610292752605,1868
PC,TMX4,0.6648314188147902,1869
PC,SYAP1,0.6642259697740621,1870
PC,CFDP1,0.6635730111271421,1871
PC,WAC,0.6629031969637031,1872
PC,COQ4,0.6625903496341012,1873
PC,TUSC2,0.6623222061151683,1874
PC,MLLT1,0.6622007271345786,1875
PC,HSPB11,0.6621390742579489,1876
PC,GLUL,0.661870639628218,1877
PC,JAG1,0.6611973564741238,1878
PC,SEP15,0.660251673920075,1879
PC,ZNF207,0.6601496671386333,1880
PC,ACTR10,0.6597170654974855,1881
PC,MARCH6,0.6589780077652546,1882
PC,ALG13,0.6586653276639982,1883
PC,CDC26,0.6583236594104882,1884
PC,GNG12,0.6582260845061665,1885
PC,FLNB,0.6580421975015744,1886
PC,EIF3D,0.6576063784728554,1887
PC,MRPL42,0.6571201822070681,1888
PC,CHP1,0.6564793897777627,1889
PC,CCS,0.6562532956199298,1890
PC,AK3,0.656177651136111,1891
PC,SPATS2L,0.6559080634399215,1892
PC,ETNK1,0.655879804879282,1893
PC,VEGFA,0.6557195712105808,1894
PC,ADM,0.6550288870628258,1895
PC,RNF114,0.6546240919186224,1896
PC,PLP2,0.6544543419080698,1897
PC,VEPH1,0.654306189728495,1898
PC,WWC1,0.6541438857088988,1899
PC,SLC3A1,0.6530539232286408,1900
PC,ARFGEF1,0.6530013503968859,1901
PC,WASL,0.6524065949480664,1902
PC,FDPS,0.6523437414421766,1903
PC,ERMP1,0.651989935409395,1904
PC,PDIA4,0.6516682034796497,1905
PC,CMTM6,0.6515049065630684,1906
PC,ADD1,0.6514778168132045,1907
PC,CCDC47,0.6509096448838142,1908
PC,RHBDD2,0.6507160145457936,1909
PC,ARPC1B,0.6507011957055719,1910
PC,ARHGEF12,0.6506112871731271,1911
PC,MARCKS,0.65044266457182,1912
PC,GOT2,0.6504166449733476,1913
PC,CPAMD8,0.6496300548699644,1914
PC,STARD7,0.6491645797691684,1915
PC,LARS,0.6489969532500912,1916
PC,S100A14,0.6488251972701994,1917
PC,ESYT2,0.6486727788911728,1918
PC,PPT1,0.6484037322884215,1919
PC,PMVK,0.6481375004728064,1920
PC,UBE2I,0.6480709811229051,1921
PC,PAXX,0.647888515435922,1922
PC,HOXB2,0.6477596325347158,1923
PC,NUMA1,0.6474583838884849,1924
PC,RDH11,0.646763353845698,1925
PC,SDF2,0.6455754419685787,1926
PC,MAF1,0.6452740021879954,1927
PC,CHD4,0.6445204301028877,1928
PC,SRSF10,0.6438501095848956,1929
PC,SPSB3,0.6436451661607934,1930
PC,PCMT1,0.6428790920856644,1931
PC,POP5,0.6425549902265616,1932
PC,CD47,0.6424919966618973,1933
PC,SH3YL1,0.6422290012504183,1934
PC,EMX2OS,0.6419161876094227,1935
PC,H2AFY,0.6407589443665171,1936
PC,AKIRIN1,0.638903425052485,1937
PC,FZD4,0.6382706313567373,1938
PC,ZC3HAV1,0.6379989878281659,1939
PC,SLTM,0.6376991606592431,1940
PC,GLG1,0.6375966583680158,1941
PC,FAM229B,0.6367998304896577,1942
PC,ACAA2,0.6365481230032011,1943
PC,DAB2,0.6364266202545718,1944
PC,CLPP,0.6362597679154507,1945
PC,TCEAL3,0.6360370782250915,1946
PC,UBE2E3,0.6358876961894364,1947
PC,PROM2,0.6358553589798209,1948
PC,USP9X,0.6350095081316669,1949
PC,UHMK1,0.6344377067611036,1950
PC,CAPN1,0.6341117920487815,1951
PC,SRSF1,0.6335790394787266,1952
PC,LAMTOR3,0.6334699368684409,1953
PC,TMEM248,0.6333829462991317,1954
PC,VCP,0.6325935947354357,1955
PC,HYI,0.6322665173904778,1956
PC,PKN2,0.6321658696406607,1957
PC,MTCH2,0.6317329422075252,1958
PC,CAPRIN1,0.6314092014527424,1959
PC,ARPC4,0.6313016020015304,1960
PC,HOXB-AS3,0.6309191962733259,1961
PC,C1orf56,0.630847941360616,1962
PC,HNMT,0.6305668659360288,1963
PC,MRPL23,0.6302361358198667,1964
PC,TP53I3,0.6301701273066991,1965
PC,RP11-532F12.5,0.6297540704651794,1966
PC,LAMB2,0.6296820426799646,1967
PC,MPLKIP,0.6296015380149773,1968
PC,TIMMDC1,0.6290612723618562,1969
PC,LYPLAL1,0.6290443036319786,1970
PC,DICER1,0.628728579862961,1971
PC,HLA-DMA,0.6286366989203922,1972
PC,MAP2K2,0.6284215354451697,1973
PC,G3BP2,0.6274583270869951,1974
PC,PHC2,0.6267583659384725,1975
PC,HM13,0.6264469466985532,1976
PC,OARD1,0.6264173113943038,1977
PC,CMYA5,0.6262159452998575,1978
PC,ADAM10,0.6261496209184821,1979
PC,FIBP,0.6258211420857787,1980
PC,VCL,0.6254929739291764,1981
PC,IFNAR1,0.625028082462289,1982
PC,OBSL1,0.6244605592638313,1983
PC,SPCS3,0.6244424338221253,1984
PC,MAPKAPK2,0.6241393881607982,1985
PC,CCDC107,0.6236256471170671,1986
PC,PABPC4,0.6233786114817967,1987
PC,YY1,0.6223645772178981,1988
PC,TOR1AIP2,0.6212448116232097,1989
PC,TRIM28,0.6211495070623836,1990
PC,PLGRKT,0.6209695621022894,1991
PC,LPIN2,0.620898811709494,1992
PC,DEK,0.6208253284352864,1993
PC,HDAC1,0.6203288316358228,1994
PC,ATP2C1,0.6200287505715834,1995
PC,LMO7,0.6196774694025872,1996
PC,NAA10,0.6196040758227435,1997
PC,TCEB1,0.6195004077476268,1998
PC,SEPHS2,0.6191568216814405,1999
PC,ARF3,0.6191512883314316,2000
PC,DHX9,0.6187359426017549,2001
PC,SYNCRIP,0.6185027702920417,2002
PC,TGS1,0.617926595964113,2003
PC,RAB18,0.6176494541632424,2004
PC,KCNQ1OT1,0.6171363230900312,2005
PC,TMEM30A,0.6167264479270265,2006
PC,JADE1,0.6163934841190314,2007
PC,UBL3,0.616151186806604,2008
PC,PDCD6IP,0.61480423580711,2009
PC,EMC4,0.6147988967592041,2010
PC,NAA50,0.6147614924138377,2011
PC,ROCK2,0.6143877878972984,2012
PC,CTNNAL1,0.6143312824218502,2013
PC,KANSL1L,0.614044348793593,2014
PC,NUCB2,0.6135607046341582,2015
PC,RDX,0.6135347771389801,2016
PC,SLC16A7,0.6126134174782485,2017
PC,GGCT,0.6124393427504925,2018
PC,PDCD10,0.6115164155311562,2019
PC,STX7,0.6110866282270885,2020
PC,TRPS1,0.610345029837847,2021
PC,CHD2,0.6099476064998565,2022
PC,PFDN1,0.6092675534356868,2023
PC,PDHB,0.6089782877734936,2024
PC,TOM1L1,0.6087040121596905,2025
PC,RSL1D1,0.6084486984893026,2026
PC,MRPS18B,0.6084435510492691,2027
PC,DAG1,0.6084381016640081,2028
PC,SLC7A1,0.6080045887473489,2029
PC,PPFIBP1,0.6063238954028124,2030
PC,CDC42SE2,0.6060368130736552,2031
PC,TSG101,0.6059924594802484,2032
PC,UGP2,0.6056529140494553,2033
PC,DNAJC4,0.6055775561621681,2034
PC,RNF130,0.6055493535478531,2035
PC,ADGRF1,0.6054386587530926,2036
PC,CCDC115,0.6053874354264666,2037
PC,EXOSC7,0.6048536695248101,2038
PC,COPB1,0.6042743071107558,2039
PC,BAX,0.6039127857842448,2040
PC,RAD23A,0.6034913671397666,2041
PC,G3BP1,0.6030672405502009,2042
PC,ATP5F1,0.603032732077736,2043
PC,INPP5J,0.602292262725636,2044
PC,PLCXD2,0.6017185317782308,2045
PC,PNPLA2,0.6015376248747935,2046
PC,PTOV1,0.6007242198906655,2047
PC,EAPP,0.6005271730692507,2048
PC,CLNS1A,0.6004174157935436,2049
PC,ZFYVE21,0.5998227791277008,2050
PC,EIF4E,0.5997552949871328,2051
PC,ADRM1,0.5995245787337673,2052
PC,TGIF1,0.5991797014748744,2053
PC,UGT2B7,0.5985281037215299,2054
PC,TOMM6,0.5984588297361505,2055
PC,CD99,0.5982817280702781,2056
PC,NCKAP1,0.5982418072836777,2057
PC,CYBRD1,0.5973474401054517,2058
PC,CREG1,0.5972679800888483,2059
PC,MINDY2,0.597109980130518,2060
PC,PAFAH1B1,0.5968101849206404,2061
PC,PIGT,0.5956562824519407,2062
PC,HOTAIRM1,0.5951889211638492,2063
PC,SOCS2,0.5947762463741985,2064
PC,CLK1,0.5947161684791383,2065
PC,SEL1L,0.594621731438693,2066
PC,MEST,0.5945225425301603,2067
PC,ILF3,0.5940038217781555,2068
PC,PSMD4,0.5938811613620241,2069
PC,DDX18,0.5932491883745112,2070
PC,TBX2-AS1,0.592964449361208,2071
PC,MRPL32,0.592592550923909,2072
PC,SIL1,0.5914941099212125,2073
PC,DDIT3,0.5913643276561246,2074
PC,AP1G1,0.5908614535994828,2075
PC,ERC1,0.5908507180854219,2076
PC,PRSS23,0.59070121732657,2077
PC,SMAD5,0.5904163431896825,2078
PC,EIF2S3,0.5898537481444371,2079
PC,PSMC3,0.5897044613439338,2080
PC,SREBF2,0.5894673975148105,2081
PC,LSM1,0.5885402851508448,2082
PC,OTUD6B-AS1,0.5883378549883997,2083
PC,WASF2,0.587959237128627,2084
PC,TCEAL2,0.587711055551859,2085
PC,NBEAL1,0.5876794519342686,2086
PC,WDR6,0.5873429514931914,2087
PC,SH3GLB1,0.5867249147297436,2088
PC,MAN1A2,0.5863243735059092,2089
PC,TP53I13,0.585880005928091,2090
PC,RNPS1,0.5856780244299834,2091
PC,FAM49B,0.5855555035610918,2092
PC,CYB5B,0.5855435981307899,2093
PC,SLC39A4,0.5854002136125918,2094
PC,IRF2BP2,0.5847260955603268,2095
PC,MUC15,0.5841390913559679,2096
PC,C19orf33,0.5839107941467566,2097
PC,LSM8,0.583820528497032,2098
PC,UROS,0.5837048407021794,2099
PC,MFSD10,0.5836534787845941,2100
PC,NPNT,0.5835267947740876,2101
PC,EIF4G1,0.5830179508570428,2102
PC,MTPN,0.5827156132993787,2103
PC,CTSB,0.5824113394800636,2104
PC,SNX18,0.582398386119635,2105
PC,ATXN7L3B,0.5819826242832798,2106
PC,STARD10,0.5815603127153742,2107
PC,MYO10,0.5809783441663458,2108
PC,EWSR1,0.580956600251628,2109
PC,ASPH,0.580928616192412,2110
PC,ZRANB2,0.5809176185792693,2111
PC,NUDT22,0.5804174355976055,2112
PC,GSPT1,0.580376200066338,2113
PC,CROT,0.5802556212933601,2114
PC,TRIP6,0.580051116242785,2115
PC,PPP1R15A,0.5798415280707168,2116
PC,TCEA2,0.5795376510039165,2117
PC,OGA,0.5787930557543131,2118
PC,RERE,0.5787504443468316,2119
PC,HRAS,0.5787051149001181,2120
PC,PPP1R35,0.5786866884428199,2121
PC,URI1,0.578045783374307,2122
PC,HOXB8,0.5774989812498741,2123
PC,EFEMP2,0.5764259573342848,2124
PC,COMTD1,0.5754252834207161,2125
PC,RAD21,0.5753123328719045,2126
PC,COL4A2,0.5753050959147132,2127
PC,TSR3,0.5751066258446376,2128
PC,ALDH9A1,0.5745997702510568,2129
PC,SERTAD3,0.574339629943949,2130
PC,RRBP1,0.57423337074632,2131
PC,ZFAND6,0.5736972202870915,2132
PC,HSD17B4,0.5736009604949601,2133
PC,OGT,0.5734236937932866,2134
PC,CDKN1C,0.5732714185983611,2135
PC,SPIN1,0.5728462692005657,2136
PC,CSNK2A1,0.5727965643612605,2137
PC,ITFG1,0.572379609723197,2138
PC,TCIM,0.5722792883713397,2139
PC,DNAJC10,0.5719513770250493,2140
PC,C14orf105,0.5718802873931206,2141
PC,PUF60,0.5716569741051422,2142
PC,PRPF8,0.57158497741058,2143
PC,CCDC124,0.571467787045646,2144
PC,AGPAT2,0.5713252017178422,2145
PC,SAMSN1,0.57121660473178,2146
PC,CDK6,0.5709451721038227,2147
PC,LRPPRC,0.5708135810607924,2148
PC,MALSU1,0.570681817782382,2149
PC,MAT2A,0.5705874672136128,2150
PC,NUDCD2,0.5705267108347547,2151
PC,TPD52L1,0.5704342178195272,2152
PC,APPL1,0.5699070734986654,2153
PC,POLR2A,0.5698524156267303,2154
PC,LAMC1,0.5692762142216435,2155
PC,SLC39A1,0.5692585421061768,2156
PC,MBTPS1,0.5692372520877387,2157
PC,PFKP,0.5688303804179992,2158
PC,LIMA1,0.5674391350426456,2159
PC,IRF2BPL,0.5668679381747297,2160
PC,PDE1A,0.5668355990060991,2161
PC,NUDT16L1,0.5666100059873258,2162
PC,MRPL50,0.5653576108768948,2163
PC,AP2A2,0.5653427157491263,2164
PC,EBPL,0.5645628829610936,2165
PC,LENG8,0.5643804269310623,2166
PC,CRABP2,0.5643288541050464,2167
PC,G6PC3,0.5637091169873447,2168
PC,GLOD4,0.5636120031788484,2169
PC,TUSC3,0.5635474496595562,2170
PC,CELSR2,0.5629119650622835,2171
PC,BHLHE40,0.562849413403856,2172
PC,CCND1,0.5627399238284931,2173
PC,SLC39A10,0.5620798580407086,2174
PC,COPA,0.5618476098333566,2175
PC,DHX29,0.5618354096821201,2176
PC,MKNK2,0.5615278385718687,2177
PC,POLR2E,0.5613875282733396,2178
PC,IFT22,0.5612937005884384,2179
PC,SDF4,0.5596681651805576,2180
PC,TAX1BP3,0.5590219541297289,2181
PC,TSEN34,0.5590055832835665,2182
PC,RRAGA,0.5582057812439957,2183
PC,WLS,0.5566767404003468,2184
PC,PRPF38B,0.5563116841531095,2185
PC,FAM96A,0.5560278859476313,2186
PC,ACAA1,0.5556831118194772,2187
PC,PRKCA,0.5553361352678037,2188
PC,TMEM51,0.5551256796590124,2189
PC,RBBP7,0.5549801485138917,2190
PC,MGST2,0.5547849189772304,2191
PC,ABCD3,0.5546479685533469,2192
PC,ATXN10,0.5543924777419638,2193
PC,SLC16A5,0.5543352184382893,2194
PC,C19orf60,0.5539667981925258,2195
PC,ATP8B1,0.5535039785304541,2196
PC,SDF2L1,0.5534459985236857,2197
PC,ACTR3,0.5525318268166607,2198
PC,STAG2,0.5524751493672961,2199
PC,P4HTM,0.552102952031909,2200
PC,FAM3C,0.5520802306887702,2201
PC,IDH3G,0.5517842239673931,2202
PC,SPG21,0.5514116267276259,2203
PC,COA6,0.5511918275965858,2204
PC,PKD2,0.5507094607937648,2205
PC,REEP3,0.5507029225607278,2206
PC,TM2D2,0.550093296859141,2207
PC,COMMD1,0.5493634769549032,2208
PC,SIGIRR,0.5493030093938959,2209
PC,METTL5,0.54924842884827,2210
PC,TCP1,0.5489754808771318,2211
PC,MRPS5,0.5487055343689748,2212
PC,GSTO2,0.5485345684032148,2213
PC,MGAT4A,0.5485004610400699,2214
PC,PKIG,0.54837740510353,2215
PC,SF3B2,0.548001787323227,2216
PC,BAZ2B,0.5474129561617356,2217
PC,RNMT,0.5474064160553691,2218
PC,ALDH6A1,0.5473322839580658,2219
PC,ZMYM2,0.5473155891774356,2220
PC,EMC3,0.5473086615645335,2221
PC,MICU2,0.5460596877991217,2222
PC,PHIP,0.5458915839696264,2223
PC,IST1,0.5455930252419157,2224
PC,PCNP,0.545449261182877,2225
PC,USP11,0.5449346525137574,2226
PC,BORCS7,0.5447337160692155,2227
PC,MRPL17,0.5446974174046192,2228
PC,ILK,0.544172303139407,2229
PC,MED21,0.5438982962207142,2230
PC,ERG28,0.543512295605281,2231
PC,TMEM126A,0.5432838020628938,2232
PC,PRPF40A,0.5429518257765434,2233
PC,WBP2,0.5428762830179218,2234
PC,RTL8C,0.542163599946153,2235
PC,TAF1D,0.5421525745072286,2236
PC,CNOT7,0.5416715271279332,2237
PC,ADAMTS1,0.5415354632968166,2238
PC,LSR,0.541404174193064,2239
PC,FARP1,0.5411955416388878,2240
PC,GNAQ,0.5410543960749647,2241
PC,AREG,0.5409847221427483,2242
PC,STAM,0.5409582747866806,2243
PC,PCNA,0.5404141795496474,2244
PC,JMJD1C,0.5404036191232142,2245
PC,PAWR,0.5389371173082372,2246
PC,ITGA6,0.5383159581470938,2247
PC,CUEDC2,0.5380329848741621,2248
PC,SENP6,0.5378984018392248,2249
PC,ZMYND11,0.5375274321043598,2250
PC,DCTN2,0.5372179032030046,2251
PC,HSBP1L1,0.5368757187850011,2252
PC,SPTSSA,0.536335090223012,2253
PC,SNX17,0.5361383970896582,2254
PC,RHBG,0.5357732792722518,2255
PC,CELF1,0.5357386013498772,2256
PC,EMC2,0.5355301669266898,2257
PC,CHMP2B,0.5353154889285611,2258
PC,CDC42BPB,0.535041255931571,2259
PC,IGSF8,0.5347962564177341,2260
PC,NCOA4,0.5346667098341846,2261
PC,TMEM251,0.5346562911863908,2262
PC,OGDH,0.5345918404135097,2263
PC,PDAP1,0.5343297377371887,2264
PC,B3GAT3,0.5343049070618905,2265
PC,BOD1L1,0.5342242329260967,2266
PC,GRINA,0.5337507321038198,2267
PC,ZSWIM7,0.5331317393512252,2268
PC,DDB1,0.5329799240682298,2269
PC,DNAJA2,0.5326663298200479,2270
PC,CWC15,0.5323815947923024,2271
PC,ABHD14A,0.5319680195508304,2272
PC,NONO,0.531488259042275,2273
PC,RBCK1,0.5312559523372831,2274
PC,ERGIC1,0.5312297951491818,2275
PC,BIRC3,0.5312127203145622,2276
PC,ANKRD9,0.5309999675619101,2277
PC,CAMLG,0.530975525279616,2278
PC,ZNF91,0.5309031501603282,2279
PC,MRPL3,0.530761526094657,2280
PC,APIP,0.5307122223297864,2281
PC,H1F0,0.5306727421049628,2282
PC,ANKRD11,0.5304524761486792,2283
PC,AC129507.4,0.5303622407349934,2284
PC,NSD1,0.5302459225917466,2285
PC,NOSIP,0.5300510928640368,2286
PC,UQCC3,0.5297596686348931,2287
PC,CHPF,0.5297403387231858,2288
PC,MRPL36,0.5293911822020323,2289
PC,ATP12A,0.5292294503753789,2290
PC,ILVBL,0.5284439465985777,2291
PC,PGAP1,0.5284400909004716,2292
PC,TAF7,0.5277391290334793,2293
PC,CCNG2,0.5276478779075344,2294
PC,OXLD1,0.5275254530997106,2295
PC,RNF167,0.5274096258696208,2296
PC,RPL22L1,0.5273358976020042,2297
PC,DERL2,0.5270486988560853,2298
PC,ACVR1B,0.5269940311375976,2299
PC,RTL8A,0.5268759509990611,2300
PC,WDR72,0.5262239151973771,2301
PC,SLC35F5,0.5257473805202411,2302
PC,PTPRA,0.5257270643382406,2303
PC,CLMN,0.5254361808186954,2304
PC,NDUFS1,0.5253736607779869,2305
PC,HIBCH,0.5251856364483608,2306
PC,ZDHHC3,0.5247550758422911,2307
PC,IK,0.524729727817812,2308
PC,KIF9,0.5245267734309993,2309
PC,ETFA,0.5239568662635469,2310
PC,TAGLN,0.5238904382553011,2311
PC,EDN2,0.5235567888689836,2312
PC,TATDN1,0.5232137610606655,2313
PC,SERPINB6,0.5231188094103825,2314
PC,SREK1,0.5229833382680527,2315
PC,BROX,0.5227296710471734,2316
PC,GADD45A,0.5223581832179418,2317
PC,SMIM20,0.5217779856134385,2318
PC,U2AF1,0.521720720813001,2319
PC,NUAK2,0.521496871433918,2320
PC,CACYBP,0.5214772001128061,2321
PC,CCDC12,0.5213639397458594,2322
PC,ZNF292,0.5212533428604893,2323
PC,SDHB,0.5212136244101859,2324
PC,PUM1,0.5211341412021465,2325
PC,SUPT4H1,0.5207838111150604,2326
PC,FAM171A1,0.5205743316983558,2327
PC,WDR34,0.5204211613375538,2328
PC,PTBP1,0.5196792321618141,2329
PC,WASHC3,0.5196453605032204,2330
PC,POGZ,0.5194039807981211,2331
PC,HSD17B8,0.5191721251488621,2332
PC,RTF1,0.519064943777352,2333
PC,KMT2A,0.5190338131757963,2334
PC,ISYNA1,0.5186564492866221,2335
PC,SLBP,0.5185273330141631,2336
PC,RPAIN,0.5182824503873144,2337
PC,HOXB9,0.518192988588966,2338
PC,GSN,0.5177727991730832,2339
PC,SNHG7,0.5176568136890848,2340
PC,COMMD7,0.517395935278366,2341
PC,GLYR1,0.5172719832169796,2342
PC,INSR,0.517141613333072,2343
PC,SMIM12,0.5165339138559233,2344
PC,MEA1,0.5163975451032138,2345
PC,HPRT1,0.5162635502376646,2346
PC,CBX6,0.5159297716883592,2347
PC,UBE2V2,0.5153605965691992,2348
PC,CRIPT,0.5148850327153811,2349
PC,AKR1C3,0.5146322496212669,2350
PC,DHX30,0.5143931913902356,2351
PC,CRTAC1,0.5143917684273525,2352
PC,RSF1,0.5141036206257865,2353
PC,SPPL2A,0.5135214062110363,2354
PC,TNFSF12,0.5133023786864441,2355
PC,FBXL5,0.513292478170017,2356
PC,PPP1R9A,0.5131940783139121,2357
PC,ZNF704,0.513096311230344,2358
PC,FXR1,0.5126132565989616,2359
PC,HDGF,0.512003191395443,2360
PC,PMF1,0.5118408962706247,2361
PC,CMPK1,0.5114486544567209,2362
PC,PPARGC1A,0.5112239011700315,2363
PC,M6PR,0.5109578585976169,2364
PC,CCT5,0.5109553700383307,2365
PC,RAB11FIP1,0.5105361543098773,2366
PC,LINC02532,0.5102394839059313,2367
PC,BST2,0.5100096420497079,2368
PC,PHKB,0.5094675402550963,2369
PC,PTGES2,0.5091676186028705,2370
PC,IFT57,0.5091210454281203,2371
PC,PHACTR1,0.5088451524644169,2372
PC,CUL3,0.5084732290621734,2373
PC,TCTEX1D2,0.5083541547599604,2374
PC,FAM24B,0.5082261493788165,2375
PC,DARS,0.5076961319041137,2376
PC,NR2F6,0.5076728262419483,2377
PC,TMX1,0.5075142688944675,2378
PC,SDR39U1,0.5070077098272552,2379
PC,BRD4,0.5066217126472294,2380
PC,GPRIN3,0.5062668595645381,2381
PC,KRR1,0.5059263577978546,2382
PC,PCGF5,0.5058276651618406,2383
PC,RBM5,0.5055982065299344,2384
PC,SURF2,0.5055434226505849,2385
PC,SCAMP4,0.5054148434679193,2386
PC,PSMC4,0.5052833976095851,2387
PC,CREBRF,0.505034379724693,2388
PC,APMAP,0.505026138589289,2389
PC,C14orf119,0.5044710440955383,2390
PC,LYRM2,0.5042579895324388,2391
PC,CMC1,0.5039355766116559,2392
PC,SNX5,0.503851962551531,2393
PC,TMEM139,0.5035430253753207,2394
PC,SYNGR1,0.5034410940904352,2395
PC,PRRC2A,0.5029861300848588,2396
PC,TMUB1,0.5025760468458974,2397
PC,CTDSP1,0.5020120432912907,2398
PC,NUDT21,0.5013040719248136,2399
PC,IMMP2L,0.5013012603023881,2400
PC,LARP7,0.5010769051270078,2401
PC,LARP1,0.5006858059077192,2402
PC,TGFBR1,0.500120763651365,2403
PC,NINJ1,0.500101274593232,2404
PC,MANF,0.500081362530143,2405
PC,NIPBL,0.49975906698337713,2406
PC,DNAJC3,0.49898270839327985,2407
PC,SHMT1,0.49892137526627933,2408
PC,PICALM,0.4988699182667991,2409
PC,NAPRT,0.4988506257898502,2410
PC,CEBPZOS,0.49861064937833827,2411
PC,IMMP1L,0.49834420892797204,2412
PC,USP34,0.4981631584395071,2413
PC,AFF4,0.4980563610124106,2414
PC,TLK1,0.4979008724991604,2415
PC,AC124944.5,0.49728476337253325,2416
PC,SNORA76,0.49700856172612484,2417
PC,PON2,0.4959573127235348,2418
PC,IMPA2,0.4957243344861473,2419
PC,NPEPPS,0.4955314505462688,2420
PC,AFDN,0.4954224584000426,2421
PC,TTC14,0.4952448900260862,2422
PC,RTF2,0.49497685658909696,2423
PC,TSPAN12,0.4946374943456309,2424
PC,MRPL11,0.49460378866148735,2425
PC,ADAR,0.49454353429217757,2426
PC,YTHDF2,0.49442546337899773,2427
PC,SUCLG2,0.4943400552734709,2428
PC,C17orf89,0.49329610279568165,2429
PC,FAM104B,0.4932229325559815,2430
PC,PDZK1,0.49319700104317266,2431
PC,PTPMT1,0.4928814864265317,2432
PC,YIPF6,0.49260501272015866,2433
PC,PLEKHA2,0.4923243573443895,2434
PC,KIF13B,0.49224245266734556,2435
PC,DPM2,0.4922272706296732,2436
PC,PSMC6,0.492027558615858,2437
PC,HLA-DPB1,0.4919567509214692,2438
PC,UACA,0.491955154074471,2439
PC,AFAP1L2,0.49163013067463657,2440
PC,RBM17,0.4915899282412366,2441
PC,C11orf1,0.49111207915141086,2442
PC,TMEM259,0.49052036117373876,2443
PC,PSMC1,0.4904888114802056,2444
PC,TMEM87A,0.49015980985506724,2445
PC,FNDC3A,0.48923010338554695,2446
PC,FDFT1,0.48905864013843214,2447
PC,STAU1,0.4886826298301159,2448
PC,GSTM4,0.48861725924569777,2449
PC,PTRHD1,0.4883081220024004,2450
PC,PPM1G,0.48829426020472455,2451
PC,PLEKHA1,0.48808869986259784,2452
PC,IQCK,0.4879162854360366,2453
PC,TMEM243,0.48774052780540655,2454
PC,LIMS1,0.4876802825456022,2455
PC,TMEM165,0.4876424751027607,2456
PC,ZC3H13,0.48753806633524366,2457
PC,AC007906.2,0.4872237759191665,2458
PC,YTHDC1,0.4872064025597623,2459
PC,MRPS28,0.4871377847537582,2460
PC,VMA21,0.4865552075565948,2461
PC,FAM195A,0.4865523100363228,2462
PC,BTBD7,0.48640596315528195,2463
PC,SNRPC,0.4862998784038167,2464
PC,MAPK1,0.4862125835957808,2465
PC,CNIH1,0.48585635887850587,2466
PC,HNF1B,0.4855564405732294,2467
PC,YAP1,0.4854889561465669,2468
PC,TIMP2,0.48506045332801284,2469
PC,IMPAD1,0.48503535995086516,2470
PC,PAFAH1B2,0.48333354112628757,2471
PC,MYO9A,0.4832058121185469,2472
PC,ARL16,0.48313994532097404,2473
PC,NSD3,0.48259268197847377,2474
PC,TBX3,0.4823762335979669,2475
PC,CAPZA1,0.48221941617546626,2476
PC,NFU1,0.48187777761229866,2477
PC,EHF,0.48157494471087914,2478
PC,DNM2,0.48112567953189045,2479
PC,TMEM60,0.48044486676725173,2480
PC,EMD,0.4803448386323561,2481
PC,STXBP3,0.4800321543246998,2482
PC,ARL4A,0.47982211207798026,2483
PC,LSM12,0.47968227158975874,2484
PC,PRSS8,0.4790579878009603,2485
PC,SAR1B,0.4787841749643876,2486
PC,NCSTN,0.478736710827483,2487
PC,MRPS23,0.4783023332171479,2488
PC,MBNL1,0.4782009169463436,2489
PC,ACSL4,0.477999969314459,2490
PC,RARRES2,0.4779833598805064,2491
PC,ETF1,0.4778500154207279,2492
PC,UBAC2,0.4778352470694098,2493
PC,VWA1,0.47781089134418997,2494
PC,BIRC2,0.477376298919341,2495
PC,TRA2A,0.4772563106299669,2496
PC,YME1L1,0.4767723947004139,2497
PC,GPR108,0.4766224437423454,2498
PC,PBXIP1,0.4756426984808697,2499
PC,MAPRE1,0.47563400161218816,2500
PC,POLD2,0.4752083618999375,2501
PC,COMMD4,0.47500486781395346,2502
PC,AKAP11,0.47479071455060007,2503
PC,STT3B,0.4746809988340039,2504
PC,PRMT2,0.47448238563226436,2505
PC,SEC63,0.47398810647854495,2506
PC,ANAPC15,0.473736220245323,2507
PC,MYO1C,0.47361098143406666,2508
PC,IVD,0.47334412062314624,2509
PC,CISD3,0.47308659795803537,2510
PC,AP3S1,0.47288979676538556,2511
PC,RNF13,0.47253775407564436,2512
PC,PPM1A,0.4723995525087603,2513
PC,MAGED1,0.4721669467640983,2514
PC,SLC25A1,0.47199205534715866,2515
PC,MRPL1,0.4718856709457566,2516
PC,SLC22A17,0.4716275034576481,2517
PC,HAGH,0.4715367454293683,2518
PC,MBNL2,0.47147370313330905,2519
PC,NRIP1,0.4714694619483505,2520
PC,LEPROTL1,0.47114074643377757,2521
PC,UBE2A,0.47070979462036855,2522
PC,LMO4,0.470472252445769,2523
PC,THAP4,0.4704004405604979,2524
PC,ADNP,0.4702986860618157,2525
PC,TRMT6,0.4702283479897482,2526
PC,LAGE3,0.47015077653122905,2527
PC,ACSM3,0.47013794737453085,2528
PC,CMTM4,0.4697927969617023,2529
PC,GPR56,0.4697575925880448,2530
PC,DDX1,0.4697334556724285,2531
PC,MTFR1L,0.46928142366680947,2532
PC,NIT2,0.4690764147283537,2533
PC,TRA2B,0.46901860399353035,2534
PC,KCNQ1,0.4689232025836382,2535
PC,GALNT3,0.4689126855842053,2536
PC,MRPL21,0.46880575826863347,2537
PC,MESD,0.468746257579397,2538
PC,LYRM9,0.4687052427474935,2539
PC,MGLL,0.4683647107604678,2540
PC,CNPPD1,0.46831365640360173,2541
PC,VPS37B,0.46819159721035564,2542
PC,CCDC28A,0.4680367392975011,2543
PC,MUC20-OT1,0.4679465817499177,2544
PC,ANKRD10,0.4679090875642897,2545
PC,ZKSCAN1,0.4674128483054387,2546
PC,EIF4E2,0.46737405574162416,2547
PC,IMMT,0.4667256502397363,2548
PC,ANXA9,0.4665780155665123,2549
PC,HIPK3,0.46640830199532424,2550
PC,SEC31A,0.46632990791406104,2551
PC,IFT43,0.4662470388144077,2552
PC,FBXO2,0.46613233616027144,2553
PC,VPS36,0.46586079375607714,2554
PC,GDI2,0.46578588946272714,2555
PC,LINC00116,0.4655759140518166,2556
PC,MMADHC,0.46545735691954926,2557
PC,BNIP3L,0.4653960619474263,2558
PC,ORMDL2,0.4643155016491194,2559
PC,BLNK,0.4635885586952664,2560
PC,ADSS,0.4633022189054853,2561
PC,KLHDC2,0.46322426246351184,2562
PC,TST,0.4629635769648319,2563
PC,DCTPP1,0.46283978084876254,2564
PC,MTX1,0.4627991581350401,2565
PC,DDX21,0.46275047432405614,2566
PC,ARRDC3,0.46239266701378956,2567
PC,AK6,0.46219277277393217,2568
PC,FBXO9,0.46193457034390756,2569
PC,ZFHX3,0.4616928229624046,2570
PC,ATP13A3,0.46144311139288113,2571
PC,C1orf123,0.46143541037910996,2572
PC,PEF1,0.46137616850279173,2573
PC,RAB5IF,0.46127534480544696,2574
PC,MMAB,0.4608966645155521,2575
PC,CFAP97,0.4608776324206272,2576
PC,KIAA0319L,0.46063199679388,2577
PC,NSMCE1,0.46040942958791303,2578
PC,HSPA4,0.4600047996262524,2579
PC,SYK,0.45961447451770293,2580
PC,HMGCR,0.4596081829815408,2581
PC,LINC00472,0.45958088881928444,2582
PC,TMED1,0.45929149573149675,2583
PC,PPP1R10,0.4592276078905301,2584
PC,WRB,0.4591665669221427,2585
PC,DNAJB14,0.4583220587309658,2586
PC,ZSCAN18,0.45816399144298986,2587
PC,TRIP12,0.45815609682857683,2588
PC,GALNT18,0.45799022751978957,2589
PC,TBC1D9,0.45795000119501705,2590
PC,ERP44,0.45782291445742856,2591
PC,CERS2,0.4577785725355211,2592
PC,UPF3A,0.4577521116447381,2593
PC,LNPEP,0.4572914241650705,2594
PC,MACROD1,0.4567474735147395,2595
PC,RNF11,0.45662252631636163,2596
PC,NUTF2,0.45620305555170126,2597
PC,PHYHD1,0.4560461651614405,2598
PC,TIA1,0.4557448886189217,2599
PC,SPIRE1,0.4555131464389375,2600
PC,SARS,0.45517802846205335,2601
PC,RNASET2,0.45516696521381084,2602
PC,NCBP2-AS2,0.45499669765083484,2603
PC,SFRP1,0.45472592848476356,2604
PC,MBOAT7,0.4541901894718411,2605
PC,SRA1,0.4541080192432736,2606
PC,SEMA3F,0.45406049051662456,2607
PC,C7orf55,0.4539247806377739,2608
PC,IER3IP1.1,0.4539113715603052,2609
PC,CAND1,0.45361389287415366,2610
PC,ST14,0.4533751992462609,2611
PC,SHISA5,0.45336960638885415,2612
PC,CRB3,0.4529886736153066,2613
PC,COL4A1,0.45264206080655767,2614
PC,KIAA1522,0.4524140099095833,2615
PC,GPBP1L1,0.45221053977822345,2616
PC,DYNC1LI2,0.45197853815657274,2617
PC,EGFR,0.4515388246820167,2618
PC,WDFY3,0.45150142139498645,2619
PC,SHB,0.45147931767046356,2620
PC,DNAJB2,0.4514053859379514,2621
PC,TWF1,0.45138370158312024,2622
PC,MED28,0.4513683542385813,2623
PC,KMT2C,0.45126399071130757,2624
PC,USP8,0.45091109266980955,2625
PC,C11orf80,0.45084483361744787,2626
PC,RRAS,0.4506075085333393,2627
PC,FAM168B,0.4496055581618556,2628
PC,COLCA1,0.44943435760542816,2629
PC,MARCH7,0.4493315833724024,2630
PC,YIPF4,0.44931409517731175,2631
PC,ERBIN,0.4490613698131769,2632
PC,SORT1,0.4490179316530759,2633
PC,XIAP,0.44871664470432404,2634
PC,COPB2,0.448653936154936,2635
PC,ESF1,0.44849789570212195,2636
PC,PALLD,0.44802977657778126,2637
PC,TRIB2,0.44801402778830574,2638
PC,EIF4A3,0.44794985715761687,2639
PC,HNRNPH2,0.4478171930805237,2640
PC,DDX46,0.44763006400527205,2641
PC,ATP6V1G3,0.44747579173926405,2642
PC,FAM133B,0.4473932300429637,2643
PC,SLC25A23,0.44727675008013895,2644
PC,RAB4A,0.44726782578705904,2645
PC,JKAMP,0.447264119293806,2646
PC,SH3BP5,0.44724082027969864,2647
PC,RBM6,0.44704984327249647,2648
PC,RAB11FIP2,0.4469163584463116,2649
PC,IARS2,0.4469151580192633,2650
PC,IFT20,0.44614608063638644,2651
PC,EBP,0.4450240682482177,2652
PC,SGMS1,0.44500932992264597,2653
PC,C19orf24,0.4449270945479774,2654
PC,ADAM9,0.44483725810819214,2655
PC,SLC52A3,0.44473803874227463,2656
PC,BCAS2,0.4447059328987657,2657
PC,TMX2,0.44429723421344125,2658
PC,ZMAT2,0.4439873181554311,2659
PC,JOSD2,0.44383851548196807,2660
PC,MEF2A,0.4435237350354028,2661
PC,MAGT1,0.4434848996727074,2662
PC,UTRN,0.44335866438958893,2663
PC,TMEM33,0.44332884609071666,2664
PC,NDRG2,0.44314597801513256,2665
PC,C1GALT1C1,0.44287029326314026,2666
PC,WDR13,0.44276410925975923,2667
PC,ATN1,0.4425877218754778,2668
PC,SMARCE1,0.4423373513273043,2669
PC,COPS7A,0.4422812960497331,2670
PC,TKT,0.44174581099354704,2671
PC,COMMD8,0.44148448693345255,2672
PC,DDX6,0.44147088307745774,2673
PC,CCNH,0.4414503235189625,2674
PC,SNRNP200,0.44118447547144346,2675
PC,LSM14A,0.44095677775551234,2676
PC,SLC30A9,0.44090030102058564,2677
PC,FTX,0.4408039606493964,2678
PC,DCAF7,0.4403019386047161,2679
PC,AKR1A1,0.4400675751317772,2680
PC,RAP1A,0.43990509190874355,2681
PC,TFG,0.4398931933197425,2682
PC,TMED3,0.4397145729392127,2683
PC,AKT3,0.43936205061490236,2684
PC,MAP3K2,0.4391575504525289,2685
PC,MANBAL,0.43911121163326056,2686
PC,ELP5,0.4384184820514092,2687
PC,VBP1,0.4382363431203897,2688
PC,SERPINA1,0.43814533798735184,2689
PC,FAM199X,0.4381212502992704,2690
PC,CUL5,0.43800875558399216,2691
PC,PAM,0.43753873909705954,2692
PC,SINHCAF,0.4374051323468173,2693
PC,SCAMP1,0.436928379321875,2694
PC,CTDSP2,0.4363664857898404,2695
PC,TMEM161B-AS1,0.43635942203940603,2696
PC,SNRNP25,0.43614994803596463,2697
PC,CGGBP1,0.43614646872731766,2698
PC,KIAA0232,0.43612347888890846,2699
PC,TFAP2A,0.4360767853971432,2700
PC,NOTCH3,0.4359387052336007,2701
PC,CSNK1D,0.4356863038490342,2702
PC,FAM84B,0.4355100750235764,2703
PC,AIP,0.43504433472825227,2704
PC,TOX3,0.43472836313754315,2705
PC,RAB9A,0.43472588022304604,2706
PC,REST,0.4344412093930954,2707
PC,CENPX,0.4342947596595132,2708
PC,CIR1,0.43423759645618176,2709
PC,TMEM30B,0.4342035928255209,2710
PC,HACD1,0.43412005400326076,2711
PC,NRCAM,0.4340790876205586,2712
PC,UBE2W,0.4340511483036279,2713
PC,RBM42,0.4337791236155319,2714
PC,DHX36,0.43361838685566473,2715
PC,CBX1,0.43356319053083997,2716
PC,TNFRSF14,0.4335297597623647,2717
PC,NECTIN2,0.4327916356477157,2718
PC,ZDHHC12,0.43276615977328114,2719
PC,SETX,0.4326014657330811,2720
PC,VIMP,0.43207319224357515,2721
PC,PSMD12,0.4318611497336514,2722
PC,PPP1R7,0.4311929474829946,2723
PC,ITGB1BP1,0.4309785671952315,2724
PC,UBXN6,0.43064266817735514,2725
PC,ASL,0.4304959142266527,2726
PC,CBR4,0.43016282829319774,2727
PC,SLC48A1,0.42991535857032326,2728
PC,RECQL5,0.42984669723050956,2729
PC,PFDN4,0.4297062490498024,2730
PC,MAP2K3,0.42919854436088567,2731
PC,LARP6,0.4290161871246504,2732
PC,NNT,0.4283889717440327,2733
PC,KRAS,0.4283237799531907,2734
PC,MIR22HG,0.4281519787128418,2735
PC,SQLE,0.42797119737424577,2736
PC,TTC1,0.4276638375232177,2737
PC,ANKRD13A,0.42766025345918873,2738
PC,SEC61A1,0.42760429090993257,2739
PC,CLDN10,0.4275890258762177,2740
PC,DCTN6,0.4273935995631034,2741
PC,CDIPT,0.42719843196780305,2742
PC,SECISBP2L,0.4264988330655253,2743
PC,MARCKSL1,0.42605989328978944,2744
PC,COPS5,0.4260003512171223,2745
PC,GGNBP2,0.42599181379724793,2746
PC,PSMA2.1,0.4256184266722355,2747
PC,RAB8A,0.42556165269587537,2748
PC,HNRNPAB,0.4255409532503545,2749
PC,KPNB1,0.42535601767977216,2750
PC,MRPS35,0.4253280020299024,2751
PC,MRPS14,0.42529438901231564,2752
PC,CCDC25,0.4252849530536009,2753
PC,PSMG4,0.42515532357636193,2754
PC,FBXO21,0.42513930984386344,2755
PC,PRSS22,0.4251368828470088,2756
PC,SRP19,0.42502980801082235,2757
PC,QTRT1,0.4247139887005319,2758
PC,TMTC2,0.42467926089890273,2759
PC,TMBIM1,0.4245720887079688,2760
PC,KDM5A,0.42455236608753366,2761
PC,IFNGR1,0.4245244833094355,2762
PC,DNAJC21,0.42448127757721643,2763
PC,PINK1,0.42404178359455236,2764
PC,PIH1D1,0.42391394441810337,2765
PC,FAM20A,0.4238249079360583,2766
PC,PPM1K,0.42362658111452656,2767
PC,GNPTG,0.42344944732289314,2768
PC,GAMT,0.42288633376106866,2769
PC,PSMD6,0.42248643953714593,2770
PC,MIER1,0.4224183208539739,2771
PC,MPPED2,0.4222249842935716,2772
PC,AKAP8L,0.42210626936580287,2773
PC,CDKN2AIP,0.4219691191257767,2774
PC,EIF4EBP2,0.4219375695208746,2775
PC,FASTK,0.42167655779092805,2776
PC,SMARCA1,0.42160376196591604,2777
PC,BHMT2,0.42155853136152643,2778
PC,FBXL15,0.42125306853547084,2779
PC,UBTF,0.42118346474103097,2780
PC,TM7SF3,0.42112141793868996,2781
PC,DYNLL2,0.4209657206837781,2782
PC,RNPC3,0.41985541931779685,2783
PC,BRD7,0.4198463962061446,2784
PC,FAM102A,0.41961259934778794,2785
PC,PLPP3,0.4195121261160319,2786
PC,PPP1CC,0.41906386935670564,2787
PC,HMG20B,0.41891982307120784,2788
PC,GNAI3,0.4188112477676718,2789
PC,SMIM30,0.4183639178326427,2790
PC,MBOAT2,0.41775491504485185,2791
PC,HELLS,0.41774095601382194,2792
PC,EPOR,0.4175583348301925,2793
PC,SSSCA1,0.4173560398991667,2794
PC,FNDC3B,0.41733867297887356,2795
PC,MCTS1,0.41732527010720816,2796
PC,DHX15,0.41709262536228103,2797
PC,TEAD1,0.4167918236698772,2798
PC,MVB12A,0.4167776607188511,2799
PC,ZNF148,0.41668066601917064,2800
PC,TSN,0.41622482095282853,2801
PC,ELAVL1,0.4161987793941282,2802
PC,CYR61,0.41591939949801016,2803
PC,ARID1A,0.41578676425045513,2804
PC,ABI2,0.41572977728065497,2805
PC,NCOA7,0.415729647721526,2806
PC,TTC19,0.41570183536921196,2807
PC,RAB3GAP1,0.41565354729272236,2808
PC,CCDC186,0.41508123764365257,2809
PC,PTEN,0.414985623024886,2810
PC,CPD,0.4146557677310448,2811
PC,OSBPL9,0.41463004132798137,2812
PC,TFPI2,0.41442545692267674,2813
PC,SAMD11,0.4139763862156157,2814
PC,CHMP4B,0.4139100771109955,2815
PC,SUPT16H,0.41387492434571227,2816
PC,TAOK1,0.41380892366820876,2817
PC,XPO1,0.4137986037190592,2818
PC,BLCAP,0.41371940459506307,2819
PC,OSBP,0.413300106151457,2820
PC,EPRS,0.41241884931214345,2821
PC,IPO7,0.4123076436548221,2822
PC,BCL10,0.41204801131616886,2823
PC,TMEM203,0.4120241911337076,2824
PC,MAFK,0.41196776708225014,2825
PC,LRRC16A,0.4118811737044808,2826
PC,MKLN1,0.4116684775311642,2827
PC,PAPSS2,0.41158861330430513,2828
PC,LGMN,0.4114564054100803,2829
PC,DNM1L,0.41109612481970126,2830
PC,ATP6V1H,0.41106099995263956,2831
PC,PUM2,0.41101479211375436,2832
PC,CTBP2,0.4109324605347251,2833
PC,NHLRC4,0.4108036372712519,2834
PC,MKKS,0.4106675665739751,2835
PC,HOOK1,0.41007368017498935,2836
PC,TNRC18,0.40979180618457356,2837
PC,PPP1R2,0.4094485483723288,2838
PC,JMJD8,0.4094403308202452,2839
PC,NAV2,0.4089597359094441,2840
PC,CLPTM1,0.4085765384842496,2841
PC,MIA2,0.40850063223578115,2842
PC,ABLIM1,0.4079621275784264,2843
PC,PIK3C2A,0.4077525159773314,2844
PC,EIF2AK2,0.4076753765034225,2845
PC,CKLF,0.4076449499160226,2846
PC,MKRN1,0.407639568930311,2847
PC,PRKAR2A,0.4076001421755716,2848
PC,CCNDBP1,0.4074913484042239,2849
PC,USP53,0.40745168705804596,2850
PC,ARID5B,0.4073886634095144,2851
PC,PIGF,0.40734650241017983,2852
PC,RBMS1,0.40734571952599424,2853
PC,ZNF644,0.4073235335410529,2854
PC,UBE3A,0.407218953002242,2855
PC,MED10,0.4070023931050032,2856
PC,EPB41L5,0.4069764851592222,2857
PC,CNOT1,0.4067795322471117,2858
PC,MITF,0.406757094009071,2859
PC,EDNRB,0.4064672966108444,2860
PC,ERI3,0.4064523253386344,2861
PC,PCCA,0.40635292597310124,2862
PC,RAB21,0.40626072709808253,2863
PC,GPRC5A,0.4061948485638028,2864
PC,MAP4K3,0.40615601407857677,2865
PC,PSMD2,0.4059779280952126,2866
PC,SLC43A2,0.4055934880487121,2867
PC,HOXD9,0.40555064205740554,2868
PC,MTUS1,0.4054335672445134,2869
PC,CORO1B,0.4053373536744712,2870
PC,NEU1,0.40501066951036746,2871
PC,NIPSNAP3A,0.4049909805407419,2872
PC,PGP,0.4046505144540327,2873
PC,SMIM15,0.40458867729444603,2874
PC,GBAS,0.4044455054322865,2875
PC,SLC38A11,0.4044368799233482,2876
PC,COMMD3,0.40424936301012243,2877
PC,MED31,0.4036481399114558,2878
PC,USP47,0.40364256236824747,2879
PC,MGAT4B,0.4036070531824567,2880
PC,DSG2,0.40351634400355524,2881
PC,SOX6,0.40333273611634785,2882
PC,PDZD11,0.40321337694660686,2883
PC,NUS1,0.4029625810687677,2884
PC,CTBP1,0.4027779837027515,2885
PC,TMEM80,0.40250824737045904,2886
PC,SETD2,0.4024023368751335,2887
PC,PSMB8,0.4019429239171947,2888
PC,MAML2,0.4015082439636125,2889
PC,TM2D3,0.4015039003318729,2890
PC,CNOT6L,0.40147743254355306,2891
PC,KIAA1191,0.40134840475192685,2892
PC,MCL1,0.40123441750965766,2893
PC,MPG,0.40120402210881356,2894
PC,AGL,0.40105241217027643,2895
PC,GCA,0.40095296153695265,2896
PC,PHLDB2,0.4008992399837332,2897
PC,IFI6,0.40003013048956426,2898
PC,NEMF,0.39965882627242677,2899
PC,IP6K2,0.3996134522409007,2900
PC,CDK4,0.3995073028158087,2901
PC,WBP11,0.39922984490835745,2902
PC,OLA1,0.3986551084102803,2903
PC,TPGS1,0.3986135035762829,2904
PC,SRSF4,0.39848818015683896,2905
PC,CD55,0.3981277396428442,2906
PC,NUP214,0.39794659100710517,2907
PC,BEX5,0.3976088770227653,2908
PC,GNA11,0.3966325453032611,2909
PC,AC244090.1,0.3964668897751605,2910
PC,LASP1,0.3962431507659564,2911
PC,HDAC2,0.3961722824109135,2912
PC,BIRC6,0.39604567820605274,2913
PC,TXNDC9,0.3955467712903821,2914
PC,SMC3,0.39542581577034536,2915
PC,CRTAP,0.3947095120014916,2916
PC,CDC42BPA,0.39463240262514254,2917
PC,LRBA,0.39450069563415274,2918
PC,TMCO3,0.39376353270702646,2919
PC,MED4,0.3937259404170859,2920
PC,APEH,0.39365398233191395,2921
PC,THOC2,0.3933523683003127,2922
PC,RBBP6,0.39334855533205115,2923
PC,VGLL4,0.39331217200529534,2924
PC,SEPT9,0.39296905155340534,2925
PC,ALDH3A2,0.3925607149140467,2926
PC,RPL7L1,0.39246980364912815,2927
PC,CPNE1,0.3924370961143037,2928
PC,CEBPZ,0.3923658613421236,2929
PC,UBE2G2,0.3922757623005107,2930
PC,MAP9,0.3920194869464916,2931
PC,ZBTB38,0.39179840754562956,2932
PC,NUDT16,0.39149241463904705,2933
PC,TRPT1,0.3914135950466208,2934
PC,TMPRSS2,0.3913915411436666,2935
PC,FAM50A,0.3912191474968491,2936
PC,FUCA2,0.391018670913662,2937
PC,C9orf78,0.39101709946423535,2938
PC,BMPR2,0.39083916561422094,2939
PC,ENDOG,0.3905701984662894,2940
PC,ARV1,0.39014147261704707,2941
PC,ANAPC5,0.39007305626891053,2942
PC,FLOT2,0.3900005259460596,2943
PC,TFAM,0.38979721529654515,2944
PC,EML4,0.38977931191541065,2945
PC,IBTK,0.3895108859971547,2946
PC,CCNG1,0.38933130759285156,2947
PC,TXNDC12,0.3892310959540038,2948
PC,TSPAN31,0.3892284996677102,2949
PC,NUPR1L,0.3891415585636677,2950
PC,SLC35A3,0.3890559911708687,2951
PC,C15orf61,0.38889657329971145,2952
PC,AAMP,0.38834523277912664,2953
PC,MAT2B,0.3882482247635536,2954
PC,WDR61,0.3879609403391838,2955
PC,SPAG9,0.3877595615193515,2956
PC,PLBD1,0.3875860427376813,2957
PC,FIBIN,0.38748867347388577,2958
PC,DENR,0.38732217938073776,2959
PC,BAG6,0.38731173674167896,2960
PC,NUDT14,0.38708453839641066,2961
PC,NF1,0.3867653546584393,2962
PC,PBDC1,0.38650346666160806,2963
PC,SLC38A10,0.3861931940595472,2964
PC,PSMD7,0.3860207593918374,2965
PC,RP11-396O20.1,0.38589251767948385,2966
PC,GOSR2,0.38560991634570096,2967
PC,MPZL2,0.38544722664404923,2968
PC,MFN1,0.3853334652648036,2969
PC,MLF1,0.3853263638764914,2970
PC,GSR,0.3846884857890415,2971
PC,TMEM170A,0.384373320236516,2972
PC,HAT1,0.38391535172211144,2973
PC,CCNL2,0.38375391798230996,2974
PC,NDFIP2,0.3833132142516109,2975
PC,TERF1,0.3832891454607403,2976
PC,JAGN1,0.3832172522334758,2977
PC,EPB41L1,0.38295769294627435,2978
PC,CCNB1IP1,0.38268808288293443,2979
PC,PER1,0.3826561439447257,2980
PC,SPRY1,0.3825763286354631,2981
PC,KCNJ3,0.3825512793144577,2982
PC,CPT1A,0.38219445942857844,2983
PC,CCND2,0.3816295982428327,2984
PC,TMEM91,0.3816111335051946,2985
PC,TMF1,0.38155250098133703,2986
PC,STK24,0.38150577137415,2987
PC,POLDIP2,0.38123381318045096,2988
PC,PPIL4,0.38123067232955443,2989
PC,TMEM54,0.3811492217161249,2990
PC,SS18L2,0.380933078952212,2991
PC,FAM81A,0.3804598661201708,2992
PC,PPP6R2,0.3803280463666998,2993
PC,CKS1B,0.37968662662223207,2994
PC,SECISBP2,0.3794043234470979,2995
PC,OTUB1,0.3793681752963075,2996
PC,GLB1,0.3791617273232093,2997
PC,TSR2,0.37904902257828166,2998
PC,LYPLA2,0.37872326761954694,2999
PC,BET1,0.378174288873059,3000
