gene,variance,variance_rank
IGKC,93867.24032473254,1
IGLC3,49586.50772614991,2
MT-CO1,49518.24244486595,3
MALAT1,46529.8247294715,4
MT-ND3,45271.01237835592,5
MT-CO2,42881.031203377366,6
MT-CO3,20839.347750081604,7
IGLC2,14741.227033717869,8
MT-ATP6,10270.968051788057,9
MT-ND4,8973.121805769077,10
DEFB1,8836.840528217552,11
MT-CYB,6546.353288793684,12
UMOD,5289.369591562348,13
MT-ND2,4815.301882127371,14
IGHA1,4403.1983584498885,15
FTL,3516.5657692851364,16
MT-ND1,3438.168689780503,17
SPP1,2306.0256409340877,18
MT1G,2238.9498609937555,19
WFDC2,1778.5943794824614,20
S100A6,1516.1200436841198,21
FXYD2,1301.1846189335959,22
RPL41,1071.652569960694,23
MT-ND4L,853.1656551799401,24
IGHG1,817.7952812546691,25
EEF1A1,801.6777418278019,26
FTH1,720.9861956930721,27
B2M,607.982716502998,28
S100A2,550.3244843952272,29
ATP1B1,508.28100592681096,30
IGFBP7,502.6211516965921,31
TMSB4X,481.0255099004123,32
MT-ND5,474.25996956369704,33
RPS12,426.6690949289262,34
RPL10,419.89969016257425,35
RPLP1,412.0605448037033,36
TMSB10,375.88867625011227,37
RPL39,359.68584529686774,38
IGHG4,357.00406126568544,39
RPS18,355.01365862768347,40
TPT1,351.328646653957,41
IGHG2,347.36306054820636,42
MT2A,330.9639236416394,43
GPX3,310.44954083716715,44
JCHAIN,299.49520595820013,45
FXYD4,297.69637810132633,46
RPS28,296.54589775111333,47
RPL13,290.5042458654808,48
KLK1,279.48129913134653,49
APOE,271.921707505733,50
IGFBP5,270.21686696547647,51
RPS23,264.8999088317167,52
RPS27,257.339470436032,53
RPL34,257.0236777958656,54
RPS24,256.78080662792524,55
SLC12A1,241.75052462228015,56
RPL11,237.9918493959716,57
RPL32,229.0451152497398,58
SPINK1,229.0061655081017,59
RPS27A,220.73041354668402,60
AQP2,218.0425860687701,61
RPL28,215.28088059299677,62
RPS4X,205.9631854113784,63
ITM2B,204.10151335543227,64
ACTB,192.19683241986317,65
RPL26,176.0467765880664,66
CALB1,168.60634573287408,67
MMP7,164.75821083418057,68
RPL3,163.3902329232985,69
RPL8,163.056775113247,70
RPL30,158.58425947973566,71
CRYAB,157.75947090125413,72
RPS3A,154.84591774264743,73
RPS19,153.52229226365614,74
RPL19,153.07189947646458,75
RPS15,148.1506107347555,76
PTMA,145.47141478661,77
RPL7A,144.3602323465119,78
RPS8,136.0014333457641,79
RPS13,134.5799379166561,80
S100A11,130.96670261940366,81
RPS14,128.0263849866529,82
SERF2,126.93977310068199,83
ACTG1,126.57777105061743,84
HLA-DRA,124.5712141216598,85
GSTP1,124.54930928138268,86
MT1X,124.53078344870288,87
NDUFA4,124.4510654839503,88
RPL36,124.25129974171527,89
SLPI,119.50633605952268,90
RPS15A,119.19744397424805,91
CLU,116.18092827585983,92
RPL12,112.57243511249867,93
COX7C,107.79834568673067,94
SOD3,106.00328328443034,95
RPL24,105.30135405356569,96
ATP1A1,103.88951013544589,97
CD74,103.55609116856445,98
RPS3,102.69293829972955,99
RPL29,102.66623243783505,100
RPL18A,100.98353517616661,101
ALDOB,96.29671082370429,102
HSPA1A,95.97700579468905,103
RPS6,95.74202209866125,104
FAU,92.73601170852339,105
EIF1,90.15213524056628,106
HLA-DRB1,89.86951415320003,107
GAPDH,82.90889426382824,108
RPL35A,81.79792419603065,109
LYZ,81.39734554584506,110
RPS25,81.1405553425765,111
MT1H,80.91455229528887,112
HSPE1,80.25493740495948,113
IGHM,79.77453392141496,114
RPS9,79.21457372287585,115
RPL18,77.05545182265737,116
RPL37,76.94736184850994,117
RPL15,76.76826319927655,118
TMEM52B,75.98908197525043,119
RPS7,75.23656576475125,120
RPS26,74.89490457978025,121
ADIRF,74.86491412167612,122
CST3,74.64987499731694,123
RPL14,72.64199896792061,124
TAGLN,72.1860886311013,125
IGLL5,69.892130772467,126
MYL6,69.61288664317613,127
ATP5F1E,68.57512318044834,128
FOS,67.78391533855623,129
IGHA2,67.43685682735332,130
COX5B,67.18950717379361,131
KNG1,66.53221676641105,132
SLC12A3,66.34302334093978,133
S100A10,64.26342398432324,134
RPL6,63.91333399509555,135
RPL35,63.01067410412386,136
RPL5,62.83320413952354,137
COX7B,57.960300879429816,138
MT1E,57.43682256442794,139
S100A4,55.87379513899296,140
RPS21,54.52989753121036,141
MGP,53.93603096449831,142
RPL9,53.92118111676273,143
RPL21,52.02910329672228,144
SAT1,50.63968207832483,145
CD9,49.98560345310387,146
RPS29,48.83907390331214,147
PDZK1IP1,47.95093110480802,148
UQCRB,47.72447712720157,149
NEAT1,46.8878419643915,150
COX8A,46.70160383911567,151
NACA,46.41356171411054,152
TIMP3,46.13608021753289,153
HSP90AA1,45.63364547855531,154
PPIA,44.69411667945336,155
CD24,42.84416513856876,156
KRT18,42.553423869399786,157
CYB5A,42.53689600203714,158
HSD11B2,42.442097954047064,159
LDHB,41.758129311824575,160
HLA-DPA1,41.325117039371904,161
APOC1,41.28816353863678,162
PTGDS,41.05574063895731,163
CTSD,40.732181699251434,164
COX6C,40.33616036719947,165
RPS5,40.05518507396472,166
COX6B1,39.942842003911466,167
HLA-B,38.98807349657869,168
PPDPF,38.91222536734257,169
PEBP1,38.813454307484946,170
SRP14,38.67641832008515,171
IER3,38.65159858374398,172
CD63,38.12166441563539,173
HINT1,37.50909821348206,174
RTN4,36.264969700759806,175
HSPB1,35.67953135387101,176
COX4I1,35.07568781989801,177
CKB,35.008708516057936,178
IGJ,34.56636286961847,179
CHCHD10,34.201104364943504,180
H3F3B,34.15104639552802,181
RPL10A,33.4534660363197,182
REG1A,33.37094838971433,183
S100A9,33.32939021553858,184
ATP6V0B,33.123091449590504,185
HLA-DPB1,32.198819262741516,186
MIF,31.530272893656388,187
COX6A1,31.402185224269694,188
UBC,30.79456438947431,189
PCSK1N,30.76495679215855,190
MAL,30.656748720174928,191
RACK1,30.211613985010352,192
RPS10,30.18163289443128,193
RPL22,29.903169486017358,194
PRDX1,29.825036508398,195
ATP5MC3,29.56668185655874,196
UQCRH,29.548160950427956,197
VIM,29.478043733439616,198
JUND,29.393581386119394,199
KRT19,29.366827812854048,200
ATP5E,29.30533241270392,201
RPL37A,29.278041413963443,202
CYSTM1,29.176527518341963,203
ATP5MG,29.136778502590516,204
IER2,28.231273063542773,205
UQCRQ,27.802594669243668,206
RPS2,27.470776082432835,207
PFN1,27.362814952445518,208
PFDN5,27.341427772456168,209
UBB,27.219390877151483,210
AQP3,27.03573797143998,211
WNK1,26.859875314899455,212
NDUFB2,26.659575168754316,213
JUNB,25.882063955212587,214
UBL5,25.8507659673516,215
H3F3A,25.823121262389805,216
LGALS3,25.75814555365568,217
TMA7,25.73341026477415,218
CXCL14,25.59497434827886,219
COX7A2,25.505727404330948,220
GATM,25.082241147823176,221
REN,24.6986346697388,222
GPX4,23.898731780742125,223
CALM2,23.70250313381202,224
MGST3,23.631054864721058,225
CHCHD2,23.535311293933994,226
STC1,23.525838461496026,227
MYL12B,23.466755883775885,228
MIOX,23.2127467268552,229
JUN,23.176589226487124,230
ATP5MD,23.091786762831738,231
UBA52,22.915191618542345,232
KRT7,22.81928219640675,233
RPL23A,22.167650426510047,234
NDUFA1,21.69030662362315,235
UQCR10,21.631425271256596,236
RPLP2,21.476282967219163,237
CYBA,21.344551444210538,238
SKP1,21.182477032673404,239
ATP5PF,21.097662384450732,240
SLC25A5,20.850558236509254,241
TXN,20.789462677424904,242
PIGR,20.751876575444143,243
RPL27,20.64749300075009,244
EPCAM,20.635901791028065,245
ATP5ME,20.476131966260063,246
TXNIP,20.2449585637548,247
ATP6V0E1,20.23312272547286,248
DSTN,19.84352317263415,249
UQCR11,19.5118258542774,250
RGS5,19.314147421769857,251
ATP5F1D,19.26152249024126,252
CD81,19.201986969133728,253
C12orf75,18.97005000225746,254
BSG,18.84311397971213,255
CA12,18.796468207109445,256
DBI,18.682100441617575,257
RPL38,18.405389614453938,258
CCL4,18.09910551148868,259
GNAS,17.891323387141462,260
IFITM3,17.774303638124245,261
LTF,17.460934863976306,262
ATP5MC2,17.45564383329014,263
DYNLL1,17.131284928563435,264
S100A8,17.011419023978302,265
CDH16,16.97364966140164,266
SFRP1,16.912288443315084,267
EMCN,16.837115630871097,268
PRDX5,16.672948226827653,269
LGALS1,16.640187786659098,270
TIMP1,16.61982174226706,271
CA2,16.466391166313784,272
ATP5L,16.425378598964578,273
DUSP1,16.422031118296715,274
GDF15,16.315532399118325,275
OST4,16.118985438365353,276
ATP5G3,16.079731694769194,277
RHCG,16.043321997757,278
NDUFS5,15.989725133383484,279
HLA-C,15.779106260185436,280
HLA-A,15.775619875246708,281
LAPTM4A,15.692902291753319,282
MRPL33,15.412675595173685,283
SSR4,15.033356163103361,284
TMEM213,14.95648175260068,285
CCL4L2,14.93528500728774,286
SLC8A1,14.882048979094545,287
RPL7,14.717008400426604,288
HSPA1B,14.67865507743148,289
HBB,14.578912149808565,290
GSTA1,14.38591426874117,291
CEBPD,14.3647768760512,292
NDUFB1,14.364365585640577,293
TACSTD2,14.260163276844214,294
TMEM59,14.235241402249592,295
TOMM7,14.152270531281392,296
ELOB,14.112523909403107,297
RPSA,14.093096967597084,298
PLA2G2A,13.950576760404159,299
TPM1,13.901745179571972,300
TMBIM6,13.850716675255391,301
KRT8,13.838867234588966,302
NDUFA13,13.837916889297755,303
ATP5IF1,13.82868396843213,304
IGFBP6,13.449609445114287,305
CFL1,13.443838103260147,306
IL32,13.41860403984246,307
RPL27A,13.369330434390804,308
IFI27,13.330121045240507,309
MGST1,13.113644932432402,310
USMG5,13.095676140592072,311
POLR2L,12.847781284980702,312
SERPINA1,12.764661825341088,313
MINOS1,12.764506703944186,314
RPLP0,12.694511935906146,315
EEF1B2,12.69031896218046,316
RPL36AL,12.681842497251798,317
SOD1,12.5125708419845,318
ENO1,12.486962438688643,319
ATP5J,12.41420357167728,320
RPS16,12.410584327289296,321
EDF1,12.410210662969305,322
GADD45B,12.307406933589341,323
BCAM,12.268655714128046,324
MT-ATP8,12.249485973776942,325
GSTM3,12.248085457536398,326
SLC25A3,12.22671032286041,327
HSP90B1,12.096907861754207,328
MTRNR2L8,12.08704368664129,329
BEX3,12.012190699242897,330
ATP5F1B,11.976923921660829,331
ZFP36,11.903839502036947,332
TYROBP,11.894910175422442,333
CYCS,11.876036546216532,334
ATP5I,11.872216710626859,335
CLDN10,11.847045061468462,336
COX5A,11.768473316506947,337
PRDX2,11.677068402448178,338
LCN2,11.593338016391355,339
GNLY,11.544820633883257,340
BTF3,11.51612804982517,341
APP,11.460123256818743,342
GSTA2,11.42388289674458,343
UGT2B7,11.39343776186414,344
NDUFC1,11.297230243377335,345
SOD2,11.282559608401135,346
SLC26A7,11.259490106948562,347
HSPA8,11.213243089718452,348
SH3BGRL3,11.195964953987275,349
EIF3K,11.175981579992722,350
OAZ1,11.154302382763857,351
PDK4,11.05404145973451,352
ATP6V1F,10.99935363397124,353
NDUFB7,10.99154901048465,354
MT1F,10.974945956457955,355
PKM,10.895610144789844,356
EEF1D,10.734385257497207,357
SUMO2,10.655728976350275,358
ATP6AP2,10.554590236148538,359
MYL12A,10.543943376108952,360
NPM1,10.439227121688393,361
ATP5MC1,10.432504732937442,362
COMMD6,10.395561680803706,363
S100A13,10.341437336297355,364
AQP1,10.330548475956567,365
ATP5D,10.27109474000152,366
TSC22D1,10.2333185970177,367
GNB2L1,10.165218469452533,368
SEC61G,10.16173202163049,369
HSP90AB1,10.152411390773448,370
CCL3,10.09038842104656,371
NDUFA3,10.085881624711734,372
NDUFC2,10.04841749179182,373
RNASE1,9.994491659065947,374
TPI1,9.988854954763841,375
CCL2,9.981325696519468,376
NAT8,9.970441304062511,377
UQCR11.1,9.943120821566197,378
MYL9,9.903291529833835,379
SLC25A6,9.796569377642584,380
NNMT,9.766659599327367,381
C11orf96,9.763035833752,382
TSPAN1,9.737043999103298,383
MUC1,9.641305870092692,384
G0S2,9.61386441529017,385
RPS11,9.603698437266331,386
ATP5MPL,9.535831796275861,387
CSTB,9.532186886656337,388
RPS27L,9.452534969390543,389
SUB1,9.42884889467016,390
ITM2C,9.402775786712244,391
CFD,9.348204612214408,392
ACTA2,9.331002525728257,393
RPL17,9.284462628229361,394
HMGB1,9.094994320253061,395
TNFRSF12A,9.065738819763824,396
SOX4,9.026800986518925,397
ANXA2,9.026719300701,398
SPINT2,8.948886784716105,399
MPC1,8.794794464460683,400
FABP1,8.78926276516364,401
RPL23,8.755903933572466,402
DCXR,8.737345985541362,403
PCK1,8.694408709689942,404
RBP4,8.660645227615158,405
NDUFB11,8.643465782948303,406
ATP5MF,8.612208769227463,407
SERPINA5,8.59700112525809,408
ATF3,8.5923408733263,409
RPL13A,8.401324759326567,410
IGFBP2,8.394144790914837,411
CLDN4,8.266666925014226,412
RHOB,8.259505469109492,413
MZB1,8.236784554419561,414
CRIP1,8.165102556510838,415
ATP6V1G1,8.123942564878467,416
MT1M,8.062684682156798,417
TPM2,8.043919381407811,418
HIST1H4C,7.912362820362494,419
ATP5G2,7.909965803293829,420
CLDN16,7.838750967828369,421
FN1,7.783091197685795,422
KLF6,7.764764997495945,423
HMGN3,7.734881876634243,424
ID1,7.72215540542418,425
ATP5PO,7.665165066127246,426
PRDX6,7.657220213770574,427
DDT,7.628938443926749,428
NR4A1,7.613591247262781,429
PODXL,7.569075029174394,430
CLIC1,7.560462598868515,431
CALM1,7.550902962044089,432
LAMTOR5,7.354991486943502,433
ALDOA,7.349043898339653,434
NDUFB4,7.336424984724058,435
CAMK2N1,7.335472441137187,436
SPARCL1,7.30771128654718,437
OCIAD2,7.24995533853747,438
SLC9A3R2,7.234031017723403,439
RPL36A,7.220715759369872,440
BTG2,7.203473317734927,441
GNG5,7.17338583872924,442
CD59,7.1475479192170415,443
EGR1,7.140846709010139,444
YBX1,7.09223403438501,445
APLP2,7.078527695537631,446
CTGF,7.03394541186706,447
IGLV6-57,7.0091005578744685,448
ATPIF1,6.994085131597545,449
HLA-E,6.974695533826691,450
CDKN1C,6.874839740818563,451
TMEM176B,6.870592882479625,452
LDHA,6.8122153418809495,453
NDUFB3,6.767774695065574,454
ATP6V1G3,6.7436796252596904,455
NDUFS6,6.696720362735892,456
DAD1,6.627905192359222,457
TCEB2,6.610428634206683,458
HBA2,6.598444362394259,459
ATP5PD,6.589297968554347,460
ID3,6.568572195261984,461
RPL4,6.541433412335716,462
MTRNR2L12,6.518999503834998,463
TNFSF10,6.466404023884256,464
HNRNPA1,6.462873546303893,465
NDUFB10,6.401199094470488,466
PHPT1,6.374946812228746,467
YWHAE,6.356828568351055,468
SPCS1,6.3549248604674755,469
HNRNPA2B1,6.325918980208341,470
COX7A1,6.2976786952562245,471
ALB,6.2623308169140905,472
GUK1,6.249381120417096,473
RASD1,6.243028481639694,474
NDUFB9,6.234729426517466,475
ECHS1,6.168068060491741,476
SAA1,6.128315686849227,477
HNRNPH1,6.108975829530736,478
PTH1R,6.040383427348989,479
NGFRAP1,6.029084336827605,480
FKBP2,6.022789073145464,481
CALR,5.956494571740702,482
SEC61B,5.918934558333978,483
KCNJ16,5.8915030766225716,484
NFE2L2,5.885861024206596,485
SUCLG1,5.836604230786048,486
SELENOM,5.816937812452348,487
ZFP36L1,5.752401814854957,488
POMP,5.748846776564443,489
ISCU,5.7401236647351075,490
PSAP,5.70783714256755,491
MRPS6,5.690621541045289,492
NDUFA11,5.639276658917264,493
ATOX1,5.591244832731364,494
AIF1,5.568840004825824,495
HSPA5,5.56602695291552,496
TMEM176A,5.564734272954278,497
FIS1,5.54677731823063,498
COA3,5.531109007434724,499
ATP5G1,5.515654443072394,500
VAMP8,5.503404111897553,501
GPX1,5.4848433627538675,502
ZFP36L2,5.455755006038595,503
SLC3A1,5.449151998482003,504
PAPPA2,5.409063970473925,505
MRPL41,5.398052612547536,506
CIRBP,5.38019178181332,507
PCBP2,5.374080911036369,508
WDR83OS,5.370804990852518,509
NDUFA2,5.361889479895154,510
PPIB,5.325920778223576,511
PPP1R1A,5.3224168663873455,512
RARRES3,5.319625577351457,513
SAP18,5.31629553524138,514
HSBP1,5.297945482562589,515
C11orf54,5.267892141263308,516
DDX17,5.2665137865020615,517
ATP5F1C,5.253500570416046,518
C14orf2,5.206550015222846,519
CTSH,5.199563595032393,520
HLA-DQB1,5.167808776305052,521
NDUFS8,5.129762778796408,522
NDUFB8,5.098027269169212,523
PARK7,5.06261197231256,524
EGF,5.018233352969011,525
COL18A1,4.989055474443968,526
COBLL1,4.9597391108449065,527
ARPC3,4.9325502851684435,528
IGHG3,4.923367320746761,529
GABARAPL2,4.92246722849311,530
CCL3L1,4.913432617097149,531
C1QA,4.91295273706136,532
CAPG,4.886063933934137,533
A2M,4.845701689717746,534
HMGN1,4.837830932717321,535
SELENOP,4.8357099037588185,536
MZT2B,4.834322119879909,537
C19orf70,4.815824875953563,538
DDX5,4.812643302950748,539
NPC2,4.805743864524439,540
FOLR1,4.781350219906659,541
PTGER3,4.772740886309316,542
AIF1L,4.771295036312672,543
CLCNKB,4.766372018232703,544
TMEM258,4.757422654404079,545
TSPO,4.74806405069989,546
NDUFA6,4.736205791010733,547
BRI3,4.712614251932834,548
CLDN7,4.707739461417577,549
TUBA1B,4.694913151104405,550
TBCA,4.692776663263857,551
TSTD1,4.688002340783349,552
DYNLRB1,4.671114680836022,553
DCN,4.666279133326972,554
NDUFAB1,4.657732041824538,555
DNAJB1,4.643621212089833,556
H2AFZ,4.629444050361344,557
PTMS,4.621983457283132,558
RARRES2,4.556920365858552,559
WSB1,4.5505321584025,560
NEDD8,4.544766352901385,561
CUTA,4.5266043454807265,562
CDC42,4.5207361157556445,563
SPARC,4.516201465011183,564
C1QB,4.510939438846861,565
STMN1,4.484914352126263,566
HPD,4.476062719780089,567
ITGB1,4.454410724590932,568
MPC2,4.449546661569239,569
FOSB,4.439393526872641,570
HERPUD1,4.43861757878406,571
HIGD1A,4.43536476313677,572
SELENOW,4.429505852910635,573
XIST,4.388122820151314,574
RPS4Y1,4.333792729805773,575
ANXA4,4.3239645396137405,576
SDC4,4.319505592791251,577
HLA-DQA1,4.2968556362147945,578
KL,4.294043969649346,579
NDUFB5,4.279806865261457,580
NDUFA5,4.259382527895198,581
PTGER1,4.258053844658679,582
VCAM1,4.253542482343664,583
UQCRFS1,4.251559696733973,584
PLAT,4.24795258594004,585
SNRPG,4.224297396893942,586
SNHG29,4.211422835286567,587
ATP5B,4.206679681444475,588
BLOC1S1,4.202157153349142,589
TRMT112,4.1894440001205435,590
IFITM2,4.16914948860623,591
LGALS2,4.144867979807008,592
C19orf53,4.113910744407674,593
EEF2,4.100287265919588,594
NDUFV2,4.071371642031869,595
CRHBP,4.063154874910186,596
NKG7,4.06115754082813,597
LAMTOR4,4.045288572283267,598
ANXA1,4.042794571406485,599
ATP5F1A,4.040102945129862,600
RBX1,4.039796203096152,601
HSPD1,4.021441402920763,602
CUBN,4.017178285464492,603
SMDT1,4.015003488452908,604
CCNI,4.01269773583194,605
PVALB,4.003449957369366,606
ZFAND5,3.9941770774451375,607
VDAC1,3.989693993079899,608
RNASEK,3.967411180259242,609
ASAH1,3.9658009315867293,610
ATP5J2,3.9426815038266803,611
ADI1,3.9186216593943097,612
SYNE2,3.9182968565493796,613
IDH2,3.892658433718193,614
GNG11,3.8785982294423764,615
EPAS1,3.8497223030713372,616
SGK1,3.8475145254488865,617
ATP1B3,3.804435138448547,618
DHRS7,3.782468716339693,619
TGFBR2,3.7810404270924547,620
SRP9,3.775223046874146,621
SEC62,3.7732506645633253,622
NDRG1,3.772979789124138,623
MORF4L1,3.7724939288736357,624
MMP9,3.7670374884753453,625
CANX,3.7571202166520274,626
ERH,3.7529225197988705,627
CLTA,3.7248998969058214,628
RAMP2,3.72387970979192,629
RAC1,3.7163632654115872,630
SELM,3.7109540605257214,631
SNX3,3.701456827230384,632
IVNS1ABP,3.6782282240901,633
ITGB6,3.675248239939443,634
C8orf4,3.6718229548689063,635
SEPP1,3.661605011329219,636
CDH6,3.65429892102035,637
NDUFS7,3.6426082461548495,638
PTGR1,3.628097606911835,639
CIB1,3.6270835113981845,640
CTSC,3.624276645222326,641
COX17,3.6210477326737753,642
AURKAIP1,3.6126895170729525,643
CDK2AP2,3.599880056927729,644
EID1,3.5736786097883266,645
SPCS2,3.549876438346409,646
KCNJ1,3.509929009288215,647
EZR,3.469840081731056,648
TM4SF1,3.4653072811859698,649
ALDH1A1,3.4539298903664686,650
HMGN2,3.4535828712770233,651
PCBD1,3.442625192316277,652
ARG2,3.4411192665989776,653
HLA-DRB5,3.433600541442948,654
COTL1,3.419865507321151,655
FCER1G,3.40218885624846,656
TMEM101,3.398172007510023,657
RCAN1,3.3867187625450956,658
LRP2,3.3719774534086713,659
CYR61,3.3386656859731523,660
ATP6V1B1,3.337076652763837,661
ROMO1,3.3342818650377986,662
UPP1,3.3340754051149157,663
TUBB4B,3.324850298500291,664
ZBTB20,3.313059078291696,665
UCHL1,3.312508859437663,666
VMP1,3.310575830636643,667
NDUFA12,3.302897675806247,668
PNKD,3.2923044036000433,669
ANAPC16,3.2906599643860432,670
PHLDA2,3.2852207168830305,671
RAN,3.2776177468755536,672
C9orf16,3.2756725843649854,673
ASS1,3.261671796984601,674
ST13,3.2580866214676734,675
GLS,3.237438051629122,676
ATP6V0D2,3.2258077714368656,677
NUDT4,3.222795268956769,678
ACAT1,3.215768854894364,679
MRPS21,3.201865960020724,680
EFHD1,3.1951889135833955,681
PPP1CB,3.1919707499513077,682
TSPAN8,3.1776725227790554,683
PGK1,3.1548093205899144,684
TMEM141,3.144517994561256,685
PRDX3,3.1409481819323126,686
ATP5O,3.139801317722417,687
PTGES3,3.1343294017069985,688
FGL2,3.1180176580502375,689
BTG1,3.0991944258230766,690
RABAC1,3.091664250389999,691
SRGN,3.089330973159499,692
SQSTM1,3.0873589776948176,693
KRT10,3.0717125782346963,694
TCIM,3.068159986512773,695
COX7A2L,3.0601554301908536,696
DYNLT1,3.052549001930305,697
SEPW1,3.044684478870237,698
YWHAB,3.040974161463661,699
CALD1,3.035789032446816,700
N4BP2L2,3.033457498048423,701
COPS9,3.031221852637152,702
NME2,3.006882048531008,703
DAB2,3.0059506244914465,704
ETFB,2.9989586432995727,705
PSMB1,2.9863582524476637,706
ACSL4,2.984425208118167,707
TAGLN2,2.983360794453282,708
S100A1,2.969607673468706,709
CYS1,2.9462920293833244,710
SLIRP,2.928337800223183,711
RPL31,2.928008114777051,712
SMIM24,2.9259265674047246,713
RBP5,2.922561342850596,714
RHOA,2.920658968689702,715
ALDH6A1,2.907324777984121,716
C3,2.9016713390822124,717
HIGD2A,2.8998221689769297,718
HNRNPK,2.8940969208645284,719
SPTBN1,2.890900237918137,720
PSMA7,2.874975730416798,721
MDH1,2.872806189805427,722
LST1,2.8700870772059,723
KTN1,2.8698627939818624,724
MMP24OS,2.8637781658052304,725
CYFIP2,2.861518283549892,726
SUMO1,2.8583970173422792,727
ZNHIT1,2.8567768036419956,728
COX20,2.8333734762690455,729
C15orf48,2.831581372909695,730
GSN,2.8217122568618276,731
PPP1R14B,2.8152189761753266,732
EMP3,2.8122083313749315,733
CD151,2.8072575924087344,734
C4orf3,2.802185670839271,735
EIF4A2,2.7937048198733767,736
ANXA5,2.790447100999847,737
C4orf48,2.78840700651905,738
LTB,2.786989096831298,739
CTSB,2.779480931359381,740
SEM1,2.773164017701862,741
SERPING1,2.7695536466963446,742
COX14,2.7676714477246964,743
ADGRF5,2.7671008133540527,744
TMBIM4,2.7445942686464413,745
HES4,2.7403933023508116,746
RGCC,2.7400431540642467,747
BBOX1,2.7377623417331702,748
KLF2,2.72464888146492,749
TMEM14C,2.7210202915533523,750
GHITM,2.7119356237530963,751
ERP29,2.7108215978795744,752
AES,2.7003274042452476,753
GLRX,2.692570710109142,754
SEC11A,2.692155950104374,755
SCP2,2.6909673332394455,756
NUCKS1,2.6859478274899047,757
CLDN3,2.6828488728978876,758
AGR2,2.681046416964089,759
SDHD,2.67583315269774,760
FABP3,2.672498572787077,761
PRR13,2.6708949519587737,762
SRSF5,2.668200476205261,763
SRSF9,2.6601700582094154,764
ATP5H,2.648991619467461,765
CCL20,2.6402630640520366,766
TPM4,2.638919992837569,767
EIF4G2,2.6354945379457906,768
MT-ND6,2.6289364226169707,769
SRI,2.61654612546735,770
SNHG8,2.5971901551864978,771
FBP1,2.592817606477148,772
PLAU,2.592266785361181,773
APRT,2.5921977493655612,774
IL1RL1,2.591430738366446,775
CYC1,2.5803192496731797,776
ARL6IP4,2.574169104681178,777
CCL21,2.572950577508424,778
GABARAP,2.5673743704859286,779
VAPA,2.566419426732917,780
IGKV4-1,2.565203445769101,781
DNPH1,2.562270318859578,782
LMNA,2.552805515334999,783
NDUFB8.1,2.5491421276760446,784
PEPD,2.537065312480758,785
SF3B6,2.5346323278258627,786
CXCL12,2.5317340208864514,787
NENF,2.5248290133627016,788
REEP5,2.5197855191398926,789
NAA38,2.5187144739234,790
SCAND1,2.513366698889167,791
BST2,2.5066474534336516,792
RERGL,2.4983268789327,793
CRIP2,2.496645063791735,794
VPS28,2.4962653752114976,795
ATP5C1,2.474845814520905,796
SLC25A39,2.471838197643233,797
HADHB,2.4614369082192966,798
GPR116,2.4604103880963413,799
DNAJA1,2.4475477173098916,800
RHOBTB3,2.4471317887437483,801
CAMTA1,2.4436807851251747,802
MRPL51,2.438504539691547,803
SLC25A4,2.4376180741857216,804
ATP6V0C,2.436056933988624,805
FLNA,2.4307984603761126,806
NOP10,2.427545543787663,807
SRSF3,2.42020310289953,808
DPEP1,2.4157653814163016,809
ALKBH7,2.41155731568659,810
ACSM2A,2.403135379763814,811
SST,2.402242633608875,812
FAM107B,2.395739903979503,813
SET,2.3803127020101886,814
AKR1A1,2.37897796294076,815
IL6ST,2.374681325928589,816
SMIM5,2.370808969967529,817
GADD45A,2.360959439935972,818
CD46,2.3553035787367627,819
CNN3,2.3478202500787133,820
ACTN4,2.3466192466245035,821
HNRNPDL,2.3446057854200646,822
NFKBIA,2.343352235500515,823
PET100,2.337491345309431,824
PSMB6,2.3361037678918826,825
ACADVL,2.331340123705527,826
C12orf57,2.319407210717745,827
THBS1,2.317189228311193,828
CPVL,2.3169926749275804,829
ARL6IP1,2.314365916811628,830
SCIN,2.3142717247357787,831
MRPL20,2.3119090028211646,832
SNRPD2,2.309573369669031,833
GABARAPL1,2.297029796686579,834
TUBB,2.288722418241419,835
VDAC2,2.2869442432585805,836
SNU13,2.2864743790901345,837
CCL5,2.2770113294091643,838
TXNDC17,2.2566633554354376,839
AHNAK,2.256277765153538,840
OCIAD1,2.25337140695878,841
RRAD,2.250464119418629,842
TOMM20,2.2361295743549574,843
TMEM14B,2.231210519186936,844
SERP1,2.2201231660476646,845
TECR,2.2191728241598123,846
DPM3,2.2140758006902743,847
TMEM205,2.2130389753116484,848
SCPEP1,2.2122882841557936,849
MDH2,2.2114800433292907,850
COL3A1,2.2061030044787753,851
PSMB3,2.1972832167569827,852
GSTK1,2.196662543548275,853
FABP5,2.196565281885383,854
RPS20,2.1832784519933686,855
SON,2.1807785862861433,856
ANXA11,2.176916165474232,857
PRELID1,2.1688045697011624,858
MRPL52,2.1658412204141437,859
THY1,2.156906322680541,860
PCBP1,2.15100298763614,861
EMX2,2.1462095750239154,862
BLVRB,2.144965434418031,863
FKBP1A,2.1383641776298017,864
ZFAS1,2.137666840264932,865
GLRX5,2.1321284168757657,866
MME,2.131224887815658,867
PNRC1,2.12129019242723,868
HOXD8,2.120572319480058,869
FAM162A,2.119522937034252,870
GLUL,2.1180137415614704,871
LITAF,2.105869143497614,872
ENG,2.1025168610024254,873
EGFL7,2.098917012528147,874
DUSP23,2.097450401715703,875
OLFM4,2.0966729740159904,876
BRK1,2.0958900354459544,877
TIMM13,2.086162757037358,878
SNRPE,2.08538994380684,879
ARHGAP29,2.0852127689636,880
LEPROT,2.0826380880183946,881
CHMP2A,2.080579305849293,882
SLC4A1,2.0804878065109933,883
GRN,2.075167296498146,884
COPE,2.075066824721211,885
DMKN,2.0697196393278827,886
TUFM,2.066953458883062,887
MYH11,2.06475923461283,888
NDUFV1,2.0624406776767863,889
PHB,2.062141185331921,890
VAMP2,2.056429072922707,891
SAT2,2.0559833713036784,892
TRIR,2.0546216350487336,893
HNRNPU,2.0518946486149248,894
PDIA3,2.049175746536347,895
YWHAZ,2.045699693064984,896
CRIM1,2.0371684581607874,897
PDZK1,2.035887625353763,898
IGFBP4,2.0351935629412643,899
PGRMC1,2.032186716576134,900
RHOC,2.03091699037617,901
TRAM1,2.029638243504988,902
NPHS2,2.0052785676472027,903
RALBP1,2.002950850451744,904
TYMP,1.9994918643244084,905
CSRP1,1.9980100739982096,906
EMX1,1.9929500984327297,907
FCN3,1.9880064974061231,908
IGFBP3,1.979679490919819,909
ACSM2B,1.9703468753365452,910
ENY2,1.969445521125041,911
SERPINE2,1.966705983312077,912
NDFIP1,1.961876814158363,913
TSC22D3,1.9584595213254883,914
CALCA,1.9539966063618703,915
ECI1,1.9499218834859193,916
DUSP9,1.9289162599152119,917
TMEM238,1.9281334851074718,918
ARPC2,1.9250691714364687,919
NUPR1,1.9220500567384042,920
FDX1,1.9210258958228583,921
PDIA6,1.9196790381352344,922
DDIT3,1.9186587800041253,923
SNRPN,1.913926543574024,924
XBP1,1.9129569081077356,925
HES1,1.9117378630461352,926
TRAPPC1,1.9077348695814582,927
PABPC1,1.9047761131152194,928
GSTO1,1.9028419517715727,929
IL18,1.9027458088063895,930
POLR2K,1.9018116646726289,931
SARAF,1.8980170062782191,932
COMT,1.8944881139687229,933
PRSS23,1.890923557189845,934
FAM96B,1.8901182395538367,935
GTF2I,1.8878996352629573,936
DNAJC19,1.886933324068599,937
EIF1B,1.8831575383963888,938
CISD1,1.8772191136592056,939
SMIM6,1.8761120552550667,940
GTF2H5,1.8746321828133627,941
BAG1,1.870799319355728,942
TOB1,1.8699934094046542,943
FCGRT,1.8688574177165802,944
SH3BGRL,1.8669146084206991,945
ATRAID,1.8634997257596617,946
FAM24B,1.862025257886162,947
HBA1,1.861998508895731,948
LSM7,1.861643955925728,949
ADGRG1,1.8600853831380832,950
TMCO1,1.8534253687879572,951
RHEB,1.8531704428127016,952
BHMT,1.8454436360783433,953
PSME2,1.8427033597707498,954
NDUFAF3,1.8371642985194603,955
CTSS,1.8331108928142448,956
PSME1,1.8310894131844047,957
ELF3,1.8260216685871142,958
ECH1,1.8203337977571015,959
RBP7,1.8132263344057984,960
ADM,1.8064377584363938,961
MRPS36,1.8021366800540113,962
SUCNR1,1.8016837159543646,963
MAL2,1.7996023843733684,964
RAB13,1.7956790214601075,965
BCAP31,1.793649239622272,966
ESD,1.7903278422198805,967
SSBP1,1.7890206087349694,968
C1QC,1.7884351467068194,969
HIPK2,1.787174484553804,970
VPS29,1.7842925189387429,971
CA4,1.7774955934071437,972
LSM3,1.7768196247786432,973
POLR2I,1.7749327918258495,974
ITGB8,1.774928643764362,975
ANPEP,1.7738004210500646,976
GADD45GIP1,1.7704428337135978,977
PAH,1.7660361070343473,978
CLTRN,1.7573559155354068,979
HNRNPA3,1.756499151063052,980
NCL,1.755509307338843,981
AP2S1,1.7523893055924877,982
SSR2,1.7492050365079408,983
MYEOV2,1.7491922069272188,984
SELENOK,1.7460374597347206,985
ATP6V1A,1.7449209715032852,986
DAZAP2,1.7431704278616715,987
COL1A1,1.742032866864514,988
KRTCAP2,1.7339931470053258,989
OGDHL,1.733065157041232,990
IMPA2,1.7323498038111156,991
HINT2,1.726518346347681,992
MARCKS,1.72579679301841,993
IGHD,1.7204202893319689,994
HMGCS2,1.7191702668672548,995
CBR1,1.719028124183727,996
PRODH2,1.716356883257333,997
PAX8,1.7154028517338318,998
TMEM230,1.712458651795934,999
PFDN2,1.7084695220162045,1000
KHK,1.7082487870232694,1001
SMS,1.7076121385617657,1002
SF3B5,1.707191473944248,1003
TUBA1C,1.7024176814793541,1004
VEGFA,1.6983610539168101,1005
PCP4,1.695446838597726,1006
PNISR,1.6903517313578953,1007
TMEM50A,1.686058227320566,1008
SELENOH,1.6859611705058228,1009
MRPL57,1.6817200106005643,1010
NME3,1.6736019214836642,1011
SEC14L1,1.6703779646354133,1012
BANF1,1.6673648254985092,1013
ATP5A1,1.6603613141684082,1014
IGHV3-15,1.6578225261902972,1015
NAP1L1,1.6558600527580738,1016
RBM39,1.651559123981568,1017
CD164,1.6514280993637915,1018
ARF1,1.6432961071774774,1019
MOCS2,1.6381177538229768,1020
ARGLU1,1.6374346718607315,1021
UBE2D3,1.6368167191035514,1022
SLC5A3,1.632459856007572,1023
ARL2,1.631804938170501,1024
MRPL34,1.6299531853362788,1025
HCST,1.6287256728126032,1026
MICOS10,1.6278985468075156,1027
HYAL2,1.6219224579843317,1028
ARF4,1.620633429513385,1029
TFCP2L1,1.6191710472602114,1030
TIMM8B,1.6185635243436116,1031
UQCRC1,1.6170393889898167,1032
HIF1A,1.6055919764920783,1033
CLDN5,1.6018046030655433,1034
TMEM219,1.6009650033387541,1035
UXT,1.5996049719372265,1036
EIF5A,1.5995200804793712,1037
C8orf59,1.5993945703412564,1038
ALDH2,1.5971431083856242,1039
KCNJ15,1.5958232452829437,1040
CSRP2,1.5957378438964565,1041
EEF1G,1.5912223230965232,1042
FSTL3,1.589124984149886,1043
TMED10,1.5879774938085571,1044
MTURN,1.578965849358092,1045
HTRA1,1.5754749840885198,1046
CSDE1,1.574047566480043,1047
TMBIM4.1,1.5731578206857335,1048
YWHAH,1.5700124676334033,1049
EIF4A1,1.5676412018656956,1050
CAPZA2,1.5675547589044654,1051
HSPA6,1.563294444237053,1052
PLPP3,1.5623417084560074,1053
CAPN2,1.5618991300077083,1054
IFI30,1.5597151499810373,1055
PNP,1.5578859781155763,1056
BEX4,1.5561273703483094,1057
CRYL1,1.5540449584145093,1058
HLA-DMA,1.5471034036512055,1059
BICC1,1.5428141618856799,1060
ANAPC11,1.5426722560414703,1061
SYPL1,1.5426471073119745,1062
SHFM1,1.539776958315658,1063
ADAMTS1,1.5377818016013085,1064
CMBL,1.536665186424077,1065
MRPL54,1.5363855917423628,1066
DUSP6,1.5358373115842336,1067
LRPAP1,1.5324892367778515,1068
BEX2,1.531601347214718,1069
NTN4,1.531549516045382,1070
SNRPD3,1.5296637130523565,1071
PPAP2B,1.529166020129503,1072
SCNN1A,1.527945826159614,1073
KDELR1,1.5213515914722158,1074
PRKAR1A,1.5130030175111857,1075
SFPQ,1.5125440134189372,1076
UQCRC2,1.4983740997877235,1077
BDH2,1.4979537986559142,1078
COL1A2,1.496702802388607,1079
CD52,1.4955882586000195,1080
TMEM66,1.494780018760543,1081
DERL3,1.4937733272641058,1082
PPAP2A,1.4929187649754678,1083
SERTAD1,1.4918044944622246,1084
CD14,1.489799709712221,1085
RER1,1.4892145030459158,1086
COL4A1,1.488169803931483,1087
DCDC2,1.4880280751430244,1088
SDCBP,1.4865294599717147,1089
HSPA2,1.4857907300885878,1090
C11orf58,1.4856922493050893,1091
PLPP1,1.4839153853305747,1092
PSMD8,1.4803141744195867,1093
TUBA1A,1.4762845382156944,1094
SEC11C,1.4748726409964334,1095
MSI2,1.4652150032701643,1096
PTTG1IP,1.461058416350709,1097
EIF6,1.459955950295833,1098
SERBP1,1.4594365619940293,1099
SYNE1,1.4585673936879682,1100
RSL24D1,1.4579623114370248,1101
NR2F2,1.4536218071285554,1102
ARID5B,1.4534507874676326,1103
CLDN8,1.4506257584136089,1104
SLC3A2,1.4495755584915213,1105
EIF3E,1.4493321522335858,1106
EIF4B,1.4475140756884213,1107
LAMP1,1.4474539496689935,1108
CTSL,1.4454355903374894,1109
RNF7,1.4447760907242349,1110
HCFC1R1,1.4387441226214515,1111
METTL9,1.4386798203425646,1112
GCSH,1.4385081362624943,1113
TGOLN2,1.4369960271614257,1114
LGALS3BP,1.4340094324916421,1115
UFC1,1.429410369234782,1116
NDUFB6,1.4273376063307242,1117
CGNL1,1.4222018639195098,1118
MECOM,1.420363579488366,1119
EIF1AX,1.4196194396633295,1120
GNAI2,1.4149701235525045,1121
CTNNB1,1.4140915825748746,1122
CARHSP1,1.4122432946888421,1123
NDUFS3,1.4115308812752296,1124
EIF3F,1.4110550142062648,1125
PPA1,1.4110220781051985,1126
HSPG2,1.4080420621708154,1127
MMP24-AS1,1.4078802283320502,1128
SRSF7,1.407755788247198,1129
PTP4A2,1.4044785949159362,1130
CAVIN2,1.4034739294006422,1131
BHLHE40,1.4033463065699519,1132
ACADM,1.4031135093885847,1133
SLC16A9,1.402752606386866,1134
AKAP9,1.4006338580432716,1135
EIF3G,1.3996276523608544,1136
CAPNS1,1.3988767035916725,1137
AKAP12,1.3987006182929729,1138
MAGED2,1.3972001580991957,1139
SRRM2,1.3949669042585977,1140
CHMP5,1.3924684670811407,1141
ATP6V0A4,1.3898894768643915,1142
MAP1LC3A,1.389206546927282,1143
CALM3,1.3890868023872205,1144
C1QBP,1.3887045610807782,1145
UQCC2,1.3797647439224106,1146
IL1B,1.3794500058048265,1147
LAMTOR2,1.3788875101526974,1148
OSTC,1.377777820693832,1149
LAMTOR1,1.375594368494549,1150
LSM4,1.3742026240602239,1151
ARHGAP24,1.368569273210913,1152
ARPC1B,1.3621006092650167,1153
SLC7A8,1.362029216238535,1154
SLC38A1,1.3581140812025712,1155
AMN,1.3565951758274617,1156
SLC16A7,1.3557184097922543,1157
SNHG9,1.354257091960644,1158
HNRNPC,1.3539144254829665,1159
RAB2A,1.3484324368945946,1160
H2AFJ,1.346577692005034,1161
PTPRB,1.3464728714054799,1162
LMAN1,1.345860250365411,1163
SIVA1,1.34075497422154,1164
SNRPF,1.3401198430787327,1165
TTC3,1.3388689664313747,1166
UBE2B,1.3379484088612144,1167
ARHGDIB,1.3357529979144884,1168
NDUFA8,1.333196109723153,1169
SSR3,1.329603748378715,1170
PDHA1,1.3276744246672902,1171
POLR2J,1.3238747550657637,1172
VEGFB,1.3219306187950397,1173
AK4,1.3197567338579894,1174
CNDP2,1.312859438215787,1175
METTL7A,1.3123394094920675,1176
C19orf77,1.308904182045659,1177
RBM3,1.308846443560641,1178
SRSF2,1.303915332750412,1179
CLCNKA,1.3015695329460686,1180
DUT,1.3007619323665969,1181
IL7R,1.3000097402100124,1182
NHP2,1.295968878532424,1183
DECR1,1.295476355718891,1184
IGKV3-11,1.29373510458698,1185
CREM,1.2928447099164249,1186
KCTD12,1.290294720787494,1187
TALDO1,1.290286754982191,1188
TMEM256,1.2886015664760866,1189
CLTC,1.287588844702782,1190
NAA20,1.28673686039773,1191
SMIM26,1.2857063147761338,1192
ATP5PB,1.2848682347184597,1193
LSMD1,1.283498303520594,1194
CST6,1.2829431793075528,1195
CSNK2B,1.2807599369021114,1196
RANBP2,1.2804703563907154,1197
NORAD,1.2800825536410878,1198
TMEM160,1.2796654582986076,1199
NSA2,1.2794394163163934,1200
YWHAQ,1.2763534180284226,1201
COL4A2,1.2722073684219257,1202
ST6GAL1,1.2719804895720466,1203
PTP4A1,1.2713465683817577,1204
CNBP,1.269269924269651,1205
NDUFS2,1.268932292524836,1206
B4GALT1,1.2672974366495942,1207
LRRFIP1,1.2654149834086101,1208
VAMP5,1.2634499845399425,1209
GPRC5C,1.263370443318823,1210
HSPH1,1.2613250260142714,1211
LINC00982,1.2559732290792411,1212
GADD45G,1.2555254125079467,1213
MAP3K13,1.2533782979092045,1214
RAB11A,1.2500736329377131,1215
RNH1,1.2482234726833503,1216
GTF2A2,1.246321630883159,1217
ANK2,1.244098048288272,1218
GPNMB,1.2431904112635768,1219
CRYZ,1.2430006506004345,1220
SEPT2,1.2358833396850262,1221
PLS3,1.234648919298306,1222
AGRN,1.2337118332061712,1223
CHP1,1.2309229410837657,1224
PLVAP,1.2308220218900014,1225
AHCYL1,1.2295134090392768,1226
RNF181,1.226991769024326,1227
VKORC1,1.226034432605233,1228
PGAM1,1.2237354471208648,1229
GAS6,1.2226889124497988,1230
NHP2L1,1.222138010841673,1231
HMGB2,1.219926704455496,1232
METRNL,1.2194174866481178,1233
SERINC1,1.2127933744217763,1234
RTN3,1.2102690802264462,1235
CLCN5,1.210139812803025,1236
SF3B1,1.2094274441407986,1237
BCL7C,1.2092632467202475,1238
S100A16,1.2084611345966436,1239
PERP,1.2075322960276733,1240
CAT,1.2068341263209095,1241
MYO6,1.204026424475735,1242
TMEM123,1.2020397251148884,1243
ITGAV,1.2009386059551588,1244
LSM5,1.1990952307509475,1245
MIEN1,1.19897158307535,1246
GTF3C6,1.1978538972067623,1247
TFPI2,1.1970350888618388,1248
SFT2D1,1.1963086782893422,1249
SLC22A2,1.195133900568948,1250
CITED4,1.1951251643300327,1251
CXCL2,1.1949748855903846,1252
ACAA1,1.1933235777372164,1253
CPEB4,1.1903421363485933,1254
TMEM147,1.1888004770877503,1255
SDPR,1.1878556272232552,1256
TMED4,1.1876815877343607,1257
MLF2,1.1868848669845389,1258
AOC1,1.186752016209336,1259
AP2M1,1.1867372775334748,1260
TCEAL4,1.1826392691312362,1261
SEPT7,1.1793869251462938,1262
SF3B14,1.1767186249293498,1263
SDHC,1.1758309326390408,1264
LMAN2,1.1741458390195716,1265
MRFAP1,1.1733312267947436,1266
TCEAL9,1.1731421928481238,1267
EIF5,1.1714402472130163,1268
FCN1,1.1705327105744123,1269
JTB,1.1705314392130082,1270
CEBPB,1.1684753954549647,1271
COL6A1,1.1633640214338077,1272
NOP53,1.161017858121054,1273
TM9SF3,1.1605014819504067,1274
SERINC2,1.160338818518646,1275
H2AFV,1.1592136058804077,1276
CBX3,1.1562801692995903,1277
EIF3H,1.1546892568456757,1278
TAF10,1.148764627514474,1279
C7,1.148557356437022,1280
MACF1,1.1434747929702915,1281
SSU72,1.1427150758889233,1282
PYURF,1.1420422649946285,1283
GATA3,1.1360249529081041,1284
HSPA9,1.1358646344064216,1285
YBX3,1.133518221069231,1286
ANAPC13,1.1305733271518166,1287
TNFRSF11B,1.1304373417007676,1288
SF1,1.1287813219238605,1289
NCOA7,1.127469040074175,1290
BOLA3,1.126007921628278,1291
TPM3,1.124214181408889,1292
FTCD,1.122292768170693,1293
APOM,1.120203241310606,1294
MSRB2,1.1172974283067518,1295
RTRAF,1.1135995053249141,1296
CXCL1,1.1131210680444361,1297
UBXN4,1.1108993635320683,1298
ARF5,1.1095156663284151,1299
ISG15,1.1085505554842694,1300
RAMP3,1.108356297243183,1301
CNPY2,1.1046593336595283,1302
RBM47,1.1040072406274386,1303
RPS19BP1,1.1019767307037047,1304
LAPTM4B,1.1017893607225067,1305
ATP6V1E1,1.0989796289228067,1306
VWF,1.09676384930777,1307
DNASE1L3,1.0960272627532295,1308
DNAJB6,1.095582931412366,1309
GOT1,1.0934647002972864,1310
TEX264,1.092592238816565,1311
C7orf50,1.0911863142922635,1312
DSG2,1.0906655835832189,1313
MZT2A,1.090007910076211,1314
PDXK,1.0892871003580102,1315
HNRNPF,1.0890650881285853,1316
PGLS,1.086480719479548,1317
RBM8A,1.0858820193162007,1318
DRAP1,1.078676097703458,1319
FLT1,1.0765177668555062,1320
SCNN1G,1.0761961666707198,1321
TAX1BP1,1.0761404583781267,1322
COPRS,1.0757301094402703,1323
MDK,1.0754531973499437,1324
PSMA4,1.0732664550373008,1325
PSMB5,1.0715024987258448,1326
MRPL27,1.0710240448465043,1327
SMIM22,1.071006461312554,1328
SLC5A12,1.0708757476431856,1329
HACD3,1.0687250197473506,1330
CAPZB,1.0686638155506427,1331
LUC7L3,1.0680906539909507,1332
DPY30,1.0652444718913983,1333
CTSZ,1.0652351033022263,1334
CFH,1.0651302515481484,1335
CLIC4,1.064466365651115,1336
GALNT11,1.0632816741698905,1337
SCOC,1.0619615846058106,1338
AMD1,1.0611901153011896,1339
FKBP8,1.060957707349121,1340
STUB1,1.0597127847237235,1341
IGLV3-1,1.0578901997506618,1342
DST,1.0529613185147386,1343
PFN2,1.0528220353523685,1344
TINAGL1,1.052002249323431,1345
MAN1A1,1.051614472010309,1346
SOST,1.05161434498675,1347
MAP1LC3B,1.0490513317757468,1348
CITED2,1.0465298339456788,1349
ZNF706,1.042144305794856,1350
STMP1,1.040958311031885,1351
PSMA2,1.0402148074723008,1352
SRRM1,1.0396519990713526,1353
NDUFA10,1.0384519057724102,1354
BACE2,1.0348337664406708,1355
PDCD5,1.0330962599745597,1356
NR0B2,1.0313095047205882,1357
MRPS12,1.031259983602102,1358
TMEM178A,1.0308716904874502,1359
LMBRD1,1.0305075490514455,1360
MSN,1.0294349475699738,1361
GZMB,1.0287934837945534,1362
CAV1,1.0280584394825167,1363
ATP6AP1,1.0275129272646983,1364
BUD31,1.0272346769541787,1365
TST,1.0269215269031189,1366
CCND1,1.0250600396505019,1367
LY6E,1.0246536420568384,1368
GLYAT,1.02346187767759,1369
S100B,1.023174635890951,1370
AKR1C3,1.0220232816546437,1371
LAMP2,1.018056541626328,1372
ATRX,1.016612198617067,1373
CHURC1,1.0151688149010862,1374
DCTN3,1.0117166131879218,1375
PLA2G16,1.011636156172439,1376
RANBP1,1.0114472141200124,1377
PIM3,1.008931408570417,1378
TM9SF2,1.0077472721861263,1379
IGLV2-14,1.0070899162107492,1380
C19orf43,1.0062189288067829,1381
PCCA,1.0048383886736527,1382
PTBP3,1.0037730589623117,1383
DMRT2,1.0037240685646232,1384
SMIM4,1.0030315589332228,1385
JPT1,1.0010716840769172,1386
MYH9,1.0003473863541028,1387
TMEM208,1.0002505976457297,1388
SYF2,0.9983904486762978,1389
ARL6IP5,0.9983378336622954,1390
ENPEP,0.9969852427895862,1391
AKR7A2,0.9957020235924523,1392
SLC16A12,0.9955821400320624,1393
CAST,0.9915288525822592,1394
NDUFS4,0.9913677718831158,1395
SLC22A8,0.9909461083215304,1396
HP1BP3,0.990803334166251,1397
RPA3,0.9891108282173225,1398
RIDA,0.9885866836451378,1399
RBPMS,0.9874910786037296,1400
PABPN1,0.9870136025373643,1401
ELOC,0.9853830931760168,1402
C11orf31,0.985318363974881,1403
TMEM179B,0.9811364586575471,1404
ALDH4A1,0.9771771443520262,1405
SRSF11,0.9752347642572041,1406
SVIP,0.9740365480089066,1407
CHCHD5,0.9731643687281106,1408
NEDD4L,0.9722693691143288,1409
ARHGDIA,0.9721646650973765,1410
HEBP2,0.9713406569647426,1411
PDCD6,0.9709111578264482,1412
SAA2,0.967686920736464,1413
PIK3C2G,0.9674290897127156,1414
FMC1,0.9663135941342236,1415
RPS17,0.9661422250056152,1416
UGT2A3,0.965243126570822,1417
UBXN1,0.9637789366793099,1418
HIBADH,0.9633915447360382,1419
NARS,0.9607506271342928,1420
GZMA,0.9603424624102126,1421
SLC4A4,0.9595396193169826,1422
FOSL2,0.9594746153818892,1423
C1orf43,0.9577589049451981,1424
FUS,0.9573678834488375,1425
ACTR2,0.9572848993805105,1426
CAPS,0.9569474464939627,1427
PDE1A,0.9564345683713092,1428
H1FX,0.9553666781733144,1429
MRP63,0.9545372711959788,1430
PTPRC,0.954375998717178,1431
MARCKSL1,0.9535009060222849,1432
BGN,0.9529976400850059,1433
ERBB2,0.952319529857144,1434
SNRPB,0.9505391612989659,1435
PHLDA1,0.9493966678533657,1436
PAIP2,0.9475261220392588,1437
TXNL4A,0.94724273137001,1438
CYB5R3,0.9472209745316487,1439
RPN2,0.9467676960984188,1440
PLEKHJ1,0.9460545653359239,1441
ADH5,0.944237458677228,1442
EIF3L,0.9435622030248032,1443
SELENOF,0.9428100841079565,1444
RNF213,0.9426841439476357,1445
MRPL40,0.9426015421621128,1446
ARPC5,0.9421504507755714,1447
PLN,0.9419089129383394,1448
PPIC,0.9408469821636385,1449
DPP7,0.9398173640274132,1450
MYL6B,0.9394602288247463,1451
AK2,0.9388658224069817,1452
TXN2,0.9359891783915678,1453
DNASE1,0.9355587118855927,1454
HNRNPM,0.9349923273822973,1455
CPM,0.9338056039120672,1456
TMEM37,0.9336786931657987,1457
AK3,0.9313024705870492,1458
CNIH4,0.9311850784115386,1459
BNIP3,0.9304811142803383,1460
MRPS34,0.9304786773719533,1461
MTCH1,0.929081800623541,1462
KLF9,0.9272023014279261,1463
EEF1E1,0.9261089860313042,1464
CLTB,0.9250047922368836,1465
CTSA,0.9241095670055937,1466
FAM213A,0.9234602216939981,1467
WDR1,0.9228841799261933,1468
GOLGB1,0.9223186416813927,1469
P4HB,0.921173045728863,1470
DDX24,0.918693641124792,1471
PLAC9,0.9185517598023403,1472
PSMA3,0.9170732459864492,1473
EFCAB14,0.9160178652690887,1474
ECI2,0.9157504578627198,1475
TMEM167A,0.9145305956504398,1476
PSMA1,0.9115615686438232,1477
ACO2,0.9109369983995907,1478
ACAA2,0.9098065695772434,1479
YPEL3,0.9092563846026731,1480
C1orf122,0.908779850186614,1481
NDUFV3,0.9082799336319247,1482
AKR1C1,0.9059910807925144,1483
SFRP4,0.9057888840517946,1484
ZNF593,0.9051815880397192,1485
FUNDC2,0.9047071121398141,1486
FARP1,0.9046748313854438,1487
ID4,0.9040353572357849,1488
PRSS1,0.9015038263888888,1489
HOXB-AS3,0.9006156420817593,1490
BTF3L4,0.899949930582934,1491
MGST2,0.898602486892647,1492
MCCD1,0.8978132864459721,1493
GINM1,0.8970701752445339,1494
MRPL12,0.8970550051844073,1495
SNCG,0.8965078319906956,1496
GCHFR,0.8956045007394182,1497
FAM200B,0.8928831839019769,1498
DYNC1I2,0.8921951141038379,1499
PPP2R1A,0.8921461326970312,1500
ANK3,0.8917487945487641,1501
TRIM2,0.8913087572092622,1502
XRCC5,0.8881172368468602,1503
SLC13A1,0.8878479967453657,1504
PKP4,0.8871654053202963,1505
VTI1B,0.8859673348283197,1506
REXO2,0.8855573709119752,1507
ITGA6,0.8852985874764875,1508
KIF12,0.8822395285758964,1509
ARHGAP5,0.8805628227772708,1510
REX1BD,0.8793554023518936,1511
SLC16A4,0.8779218038431438,1512
HDDC2,0.8771303613292335,1513
BZW1,0.8749281700749613,1514
PHB2,0.8748819240766351,1515
CHI3L1,0.8748481401411136,1516
TMED2,0.8737408780709863,1517
PFKL,0.8725995620532729,1518
XRCC6,0.8722784637204664,1519
LIFR,0.8720385362485118,1520
ARL4D,0.8712745403847169,1521
ACSL1,0.8711720159764261,1522
CXXC5,0.8702035909052139,1523
LPP,0.8698044310306856,1524
GPI,0.8690110691119394,1525
CTNNA1,0.8680298211370179,1526
TSPYL1,0.8659989540403408,1527
CHCHD1,0.8654459420301865,1528
TMED9,0.8654096356766392,1529
BAG3,0.8651305186627288,1530
HNRNPD,0.8641613196572185,1531
S100A14,0.8638575486135687,1532
DDAH2,0.8631826384755106,1533
RCN2,0.8624147940721606,1534
ABLIM1,0.8621404195253055,1535
KITLG,0.8601631607670582,1536
MGMT,0.859313102302073,1537
FKBP5,0.859222093899055,1538
ACPP,0.8587825131030721,1539
CORO1A,0.858563948511026,1540
SSB,0.858527097986921,1541
SNRPD1,0.8584351708354283,1542
ERRFI1,0.8571771709779092,1543
SELK,0.8570623416244969,1544
SELENOT,0.8564861591370397,1545
SDC1,0.855269819709625,1546
SIGIRR,0.8551433930081578,1547
NUDC,0.8551007606525967,1548
SBDS,0.8546320251801139,1549
GNB2,0.8539984035649737,1550
LGMN,0.8539939156115407,1551
NPTN,0.852938902565578,1552
RRAS,0.850191002883543,1553
DDX3X,0.8486411380661992,1554
CHD9,0.8482330137049359,1555
NBDY,0.8481779151023047,1556
UBE2M,0.8477922217954759,1557
PSMC5,0.8473977337040268,1558
DDC,0.8473826293602842,1559
TMEM50B,0.8472212365180412,1560
TBCB,0.8462241398464996,1561
SOCS3,0.8452713966469529,1562
RNASEH2C,0.8450118880046547,1563
GPBP1,0.8443823460949575,1564
MRPS26,0.8414904863145722,1565
HPRT1,0.8411538243113312,1566
POU3F3,0.8409998176274388,1567
MGLL,0.8409198885341964,1568
NDRG2,0.8407795801081079,1569
SNRPB2,0.838968579963512,1570
DHRS4L2,0.8385712457967675,1571
MRPL43,0.8384704419791746,1572
NDUFAF8,0.8382979036523723,1573
SPCS3,0.8379796317357722,1574
EXOSC7,0.8364147465917844,1575
PPFIBP1,0.8357336647382464,1576
RAB1A,0.8356277822414027,1577
FABP4,0.8347270741614877,1578
BTG3,0.8342970548513081,1579
HADHA,0.8336116967691192,1580
VCAN,0.8319229736956203,1581
PLEKHB2,0.8314817199766513,1582
NQO2,0.8302447158317788,1583
INSR,0.829691075537822,1584
MORN2,0.8273989701274949,1585
MFSD4A,0.8266325768571199,1586
ATP6V1D,0.8263988010268037,1587
RSRP1,0.8250762967171377,1588
CXCL10,0.8229629580446034,1589
SPINT1,0.8227704374553734,1590
SDHA,0.8222013420828351,1591
SLC9A3,0.8214505902604498,1592
UBE2N,0.8205347298738862,1593
COMTD1,0.8189915241285888,1594
CDA,0.818483018287968,1595
CYP1B1,0.8184592547089177,1596
IDI1,0.8161403416960029,1597
JAG1,0.8161388017806825,1598
HPN,0.8156606421308227,1599
TRAPPC2L,0.8149114750984023,1600
SNX6,0.8145357401547911,1601
MORF4L2,0.8142607869881819,1602
CCT3,0.8139920090776571,1603
JAK1,0.8130133244416194,1604
PSMB7,0.8122742933706377,1605
PSMB2,0.8121232573768106,1606
ECHDC2,0.8114984935775047,1607
CFDP1,0.8112754315983638,1608
PBLD,0.8111580470405089,1609
NT5C,0.8104854399195878,1610
PTPLAD1,0.8103843888317517,1611
MAF,0.8088171370985362,1612
PTS,0.8067945631042173,1613
POLR2F,0.8056171359347997,1614
GLO1,0.8054918383384584,1615
MTDH,0.8052687873321176,1616
ARL1,0.8050885334254468,1617
CSNK1A1,0.8027788466097545,1618
SCNN1B,0.8023760907306368,1619
NUCB1,0.8016178760929419,1620
CD69,0.800930118475795,1621
IQGAP1,0.8002142130440008,1622
CFI,0.7997523747105919,1623
PAPOLA,0.7990214263001099,1624
EIF3A,0.7981644810538874,1625
MYDGF,0.7959199111388333,1626
HRSP12,0.7958504634872399,1627
DNAJC15,0.7956363032035046,1628
CCT4,0.7953887856381552,1629
TKT,0.794979125491181,1630
FKBP11,0.7942456960145318,1631
PHYH,0.7926813371057528,1632
UBE2D2,0.7918803904040235,1633
C1D,0.7917896160510394,1634
RAB5C,0.7891872391464729,1635
HSD17B10,0.7887275010026826,1636
HEBP1,0.7884077872778582,1637
ARPP19,0.7882997045152751,1638
ATP6V0D1,0.7876827520578658,1639
PPIG,0.7865626490503216,1640
RAP1B,0.7862801211632161,1641
STAT1,0.784315052834059,1642
GCC2,0.7839186028477991,1643
CHPT1,0.783535599432195,1644
CDH1,0.7825484748174402,1645
IRF2BP2,0.7814485980817565,1646
ZSCAN16-AS1,0.7814423927156959,1647
COPZ1,0.7812801176534894,1648
TSPAN6,0.7804924712951247,1649
PCMTD1,0.7801879298449961,1650
NFE2L1,0.7797289984144788,1651
TACC1,0.7794329944356817,1652
SORL1,0.7792714410535467,1653
PIN4,0.7785940486267608,1654
UAP1,0.7783019919389299,1655
CHID1,0.7777906436569169,1656
MRPS33,0.7773022701496807,1657
PLCG2,0.7772462575463118,1658
PRRC2C,0.7772014878977105,1659
ENSA,0.7771784749885751,1660
MLEC,0.7751983521537189,1661
DDR1,0.774864230649625,1662
LYPLAL1,0.7748267783482781,1663
TSPAN12,0.7718093242069779,1664
RRBP1,0.7717569906201948,1665
TRAPPC6A,0.7715264515496651,1666
SDF2L1,0.7695586220457316,1667
PRCP,0.7694796265817699,1668
CD99,0.7690206896062686,1669
TIMM10,0.7683783993499212,1670
JUP,0.7665404980522512,1671
SURF1,0.7665069791119636,1672
MCRIP2,0.7646388919419204,1673
PECAM1,0.7643972326059992,1674
STRAP,0.7630914223557161,1675
UGCG,0.762594989520372,1676
SLC2A4RG,0.7623914567912685,1677
ISOC2,0.7622396951477198,1678
MCL1,0.7619564474366138,1679
TMEM245,0.7601894474809111,1680
KLF10,0.7601578152863715,1681
ZNF428,0.7600671043801053,1682
MIDN,0.7599105018154192,1683
PPP1R14A,0.7598615490870687,1684
PLLP,0.7595468022027339,1685
NME4,0.759433280791839,1686
VDAC3,0.7589909986437343,1687
ANXA7,0.7581949626515664,1688
PLXNB2,0.7557376187044423,1689
CCN2,0.7545129673403148,1690
CD47,0.7530983079439026,1691
CCDC198,0.7530883782075043,1692
NME1,0.7521899466824645,1693
ADD3,0.751841439483267,1694
GNS,0.7490477028528301,1695
SLC38A2,0.7487032814072285,1696
SPTAN1,0.748238481030375,1697
MOB1A,0.7469991343930145,1698
ACTR3,0.7463281880360634,1699
NAPA,0.7458356485086984,1700
EMC6,0.7457947279560952,1701
ARF6,0.7456871555947424,1702
PPCS,0.7451362883962565,1703
MRPL13,0.7447479124538507,1704
MAGOH,0.7430722385516092,1705
SPAG7,0.7423818338481838,1706
USP2,0.7420462337280066,1707
KLRB1,0.7406935587210322,1708
POLR1D,0.7404518382382609,1709
MSMO1,0.7390245094844078,1710
FAM177A1,0.7379064668078867,1711
PCYOX1,0.7378134408731842,1712
MAFF,0.737161499888317,1713
ARHGAP18,0.7369322990882179,1714
LINC00657,0.7363779828413021,1715
KIF5B,0.7361944880028358,1716
ZNF503,0.7361014395624519,1717
RAB11FIP3,0.7360999875846168,1718
CCNL1,0.7358766884031048,1719
GOLIM4,0.7353412938451105,1720
MRPS18C,0.7353044493073791,1721
LHX1,0.7352469749805388,1722
SNRNP70,0.7333824175242982,1723
CDV3,0.7326552872371704,1724
CKS2,0.7321323673427176,1725
VAV3,0.731613379130415,1726
SOX18,0.7313070635125589,1727
PARD6B,0.7309717631340958,1728
IFI27L2,0.7308124680981717,1729
SH3YL1,0.7303474051174996,1730
MRPL15,0.7303013771799394,1731
KHDRBS1,0.7301853298673112,1732
FAM151A,0.730175506365385,1733
TMEM27,0.7293276512526413,1734
C6orf62,0.7288128888359993,1735
GRHPR,0.7285834352728721,1736
UTRN,0.7281579277477049,1737
STOM,0.7280271119374877,1738
SMIM7,0.7254018675967231,1739
ACP1,0.7249969429177192,1740
BIRC3,0.7247896445465046,1741
RPL22L1,0.7247253170254344,1742
CLDN2,0.7243614734103592,1743
WTAP,0.7240279126821039,1744
ERP27,0.7225289342272855,1745
C18orf32,0.7221213831625372,1746
TIMP2,0.7215377846169937,1747
FAT1,0.7210052193854449,1748
TMX4,0.7206101294634559,1749
UBA1,0.7204635438107291,1750
SPRY1,0.7200413163080217,1751
BAX,0.7187173158256387,1752
NAPSA,0.7185467790943981,1753
ANP32B,0.7173588247508194,1754
SNHG7,0.7156163363578065,1755
SCD5,0.7148342375219923,1756
NIT2,0.7147145895764786,1757
SPINT1-AS1,0.714489486316487,1758
RDH10,0.7128436941583034,1759
PPP1R16A,0.7119277512817862,1760
NDUFA7,0.7117335557031896,1761
CXCL6,0.711642529900931,1762
PPP2CB,0.7115905687655455,1763
PSMG2,0.7110438957711935,1764
NDUFS1,0.708641668831973,1765
LGR4,0.7086271030558584,1766
CPNE3,0.7085651837801813,1767
RASSF7,0.7077433307449381,1768
MRPL36,0.7072325507295515,1769
PPP4C,0.7068020976213627,1770
SCAF11,0.7064459574657161,1771
DDAH1,0.7064320954419345,1772
SRSF6,0.706358455496234,1773
NFIC,0.706204475699596,1774
AQP6,0.7058755913568551,1775
TSPAN3,0.7051368287607979,1776
SMIM37,0.7044486267460123,1777
CXCR4,0.7035934423442486,1778
HNMT,0.7035845737765937,1779
EPS8,0.7030613702069892,1780
CLCN3,0.7030229457646178,1781
PLSCR1,0.7021091237361247,1782
NPNT,0.7012942168057721,1783
SMIM19,0.7009478066071274,1784
ETS2,0.7009362053851469,1785
SLC25A29,0.6994909814295174,1786
CCT8,0.6994250830738284,1787
IRX2,0.6986519222545912,1788
EIF5B,0.6981583989103181,1789
AIG1,0.6976959252769046,1790
MEF2C,0.6965408271202396,1791
DSP,0.6961308665285987,1792
ARL3,0.6956161522696769,1793
VPS25,0.6939483024428683,1794
LYPLA1,0.6935722002903246,1795
SNHG25,0.6934547397541445,1796
EMC10,0.6922146420384556,1797
UGP2,0.6919781392335927,1798
TXNL1,0.6916245654119741,1799
MFF,0.6915526450571908,1800
H2AFY,0.690081381682741,1801
GMFG,0.6897055052441357,1802
NNT,0.689535142425232,1803
WLS,0.68909128222046,1804
CLN5,0.6878607838715032,1805
SAR1A,0.6876181728260563,1806
PROM1,0.6874821516425568,1807
RPN1,0.6859784609425742,1808
ERBB4,0.6855482452812618,1809
CBX5,0.6850763227820519,1810
ATP13A3,0.6850742416208171,1811
HDLBP,0.6849906469013665,1812
HMGA1,0.684395563345279,1813
THOC7,0.6840675391356513,1814
RAP1GAP,0.6839319270840735,1815
COA4,0.6834818072828585,1816
MXD4,0.6824531745060349,1817
CAP1,0.6811844276304068,1818
OXCT1,0.6811637555607922,1819
RAB7A,0.6783146774065896,1820
NUPR2,0.6782574331464746,1821
CPE,0.6778519662269821,1822
PRAP1,0.677440830186886,1823
SPON2,0.677151510992911,1824
PPARGC1A,0.6770694334503475,1825
ATP5F1,0.676798839263555,1826
PRDX4,0.6765836769577199,1827
KDELR2,0.6763951663747365,1828
PSMB4,0.6758554471849795,1829
COPS6,0.6757697763005308,1830
MTCH2,0.6750041221357058,1831
NQO1,0.6749300349187024,1832
RDX,0.6742340351844947,1833
PLAAT4,0.6737165181797465,1834
DEK,0.6727921463397499,1835
NFAT5,0.6712892429042223,1836
UBE2L3,0.6712614260686174,1837
EIF2S3,0.6708497760197488,1838
MANF,0.6701683249432573,1839
MARCH6,0.6701648224618277,1840
FKBP4,0.6691550009922129,1841
PON2,0.6689512143811056,1842
CCPG1,0.6685997081963041,1843
NPDC1,0.6681220035179963,1844
RHBG,0.6680688172014468,1845
XCL2,0.6673912293894046,1846
AKR1B1,0.6671680068417079,1847
POLE4,0.666688115131709,1848
MRPS7,0.6659244791592891,1849
EIF3M,0.6654528466359574,1850
TNRC6B,0.6650944204172812,1851
HAGH,0.6641599585129567,1852
C16orf89,0.6624961900195021,1853
STOML2,0.6621355216901934,1854
RAB11B,0.6614492777313103,1855
DLD,0.6603516924175712,1856
HNRNPH3,0.6602736072784949,1857
PSMA5,0.66023786566551,1858
SELENOS,0.6601268948747234,1859
GLUD1,0.659368116673111,1860
MRPS16,0.6592446855845742,1861
GLTP,0.6588605652196844,1862
CALCRL,0.6585733097862504,1863
NAV2,0.6574370687631553,1864
C19orf33,0.6567217576810463,1865
TIMM17B,0.6566982161442998,1866
PRKAA2,0.6560212195243074,1867
TCEAL8,0.6559520611908936,1868
HIBCH,0.6558888105209543,1869
AGPAT2,0.6548847598474786,1870
MTX2,0.654650861456978,1871
MRPS15,0.654553259899669,1872
SLC22A6,0.6539846390678705,1873
SLC25A11,0.6538884000831755,1874
LINC00671,0.6538706375745876,1875
TAPBP,0.6535057932884865,1876
METRN,0.6533123690436707,1877
GPAA1,0.6522500124687781,1878
HOTAIRM1,0.6516663457983978,1879
YPEL5,0.650541913064909,1880
ODC1,0.6503786674556741,1881
PBX1,0.6500946199061497,1882
MEAF6,0.6500753477568405,1883
PKHD1,0.6496626725703092,1884
CCT6A,0.6494838416661054,1885
DPYS,0.6484698321766894,1886
STAT3,0.6484601093157363,1887
RNF152,0.6482562736453895,1888
CLINT1,0.6477963930070552,1889
ANP32A,0.6472806710230694,1890
TMEM72,0.647227783450138,1891
CCDC85B,0.6463954539086931,1892
LSM6,0.6463238111973226,1893
ABCB1,0.646294085273105,1894
SMIM14,0.6448830705311981,1895
RNASET2,0.6438135750942094,1896
EMC7,0.6435445708236529,1897
RBMX,0.6430627542356835,1898
METTL26,0.6420685410838948,1899
RNF10,0.6414973587468977,1900
PRPS2,0.6414573124083768,1901
VPS35,0.6404847122509171,1902
DYNC1H1,0.6401668421348705,1903
SNX2,0.6401522360130241,1904
RAB3IP,0.6396696786243004,1905
TM2D1,0.639530735020389,1906
SHMT1,0.6379260389866983,1907
HEXA,0.6378087615216889,1908
UFM1,0.636867846526229,1909
GOLGA4,0.6367968682839913,1910
RWDD1,0.6365686354964595,1911
HSPB11,0.6364278941674244,1912
SEPHS2,0.636310850633161,1913
WBP5,0.6362536790366078,1914
STARD10,0.6362396048291828,1915
GNB1,0.6361866997401299,1916
UBE2H,0.6358809080747714,1917
RAB14,0.6356691329981048,1918
APEX1,0.6352971691489737,1919
NFIA,0.6348413425798796,1920
MRPL14,0.6346687091083365,1921
HNRNPA0,0.634614003346991,1922
BBX,0.6343610900904508,1923
LINC01320,0.6338926905960293,1924
ARPC4,0.6335369490045227,1925
PPP1R15A,0.6333492323719137,1926
FAM120A,0.6331041401600428,1927
ARPC1A,0.632921803807399,1928
QPRT,0.6328740825028939,1929
CMC2,0.6323970058542325,1930
ID2,0.6313076504542917,1931
PRMT1,0.6308674010241371,1932
PLP2,0.6302067547768941,1933
CDC42SE1,0.6301817797328725,1934
FAM96A,0.6300720846529669,1935
CTNND1,0.6299337794391239,1936
NDUFA9,0.6298110270111241,1937
PJA2,0.6297848836904946,1938
FAM173A,0.629622598304107,1939
MTIF3,0.6293745053587476,1940
NTRK2,0.6289746806369235,1941
SPPL2A,0.628797825032182,1942
TCF25,0.6286593231488642,1943
SLC39A6,0.6285279116111636,1944
FAM3C,0.6282574433878212,1945
SNF8,0.6282341910499593,1946
HSD17B12,0.627549576866045,1947
LAMB1,0.6273829202310715,1948
DNAJC8,0.6269742654231287,1949
PIK3R1,0.6266017628662999,1950
WWTR1,0.6251893572317636,1951
CMC1,0.6250264162570891,1952
PSMB8,0.6236738624608568,1953
MS4A6A,0.6236445674744838,1954
SLC44A2,0.622589445308166,1955
DDIT4,0.6225748183799258,1956
SSR1,0.6225573446443415,1957
CETN2,0.6225371956143487,1958
EPS8L2,0.6225167061042147,1959
JADE1,0.6223217690181602,1960
CYTOR,0.62231598927501,1961
CKLF,0.6216994048054891,1962
PPP1CA,0.6215213089042824,1963
BRD2,0.6214425725857767,1964
MNDA,0.6213726778011651,1965
MUC15,0.6210676367161203,1966
FAM3B,0.6209201892392437,1967
EIF2S2,0.620712446188181,1968
LBH,0.6206717819597044,1969
DDRGK1,0.6206208965588139,1970
TOP1,0.6204988009664547,1971
SERPINB6,0.6201981522448127,1972
ITGA2,0.6194172374036765,1973
SCCPDH,0.6184142267887092,1974
SLC43A2,0.6172691393085612,1975
MRPL18,0.6170850141922126,1976
TMEM106B,0.6154151169205919,1977
AMFR,0.6149372773838013,1978
TNS1,0.6148786538190434,1979
ITGA3,0.6148350471225954,1980
SUCLG2,0.6144779142033343,1981
AAK1,0.6143259277137532,1982
IGLV1-44,0.6139265835810993,1983
CTTN,0.6136088687853383,1984
LINC01187,0.6135689535703823,1985
BHMT2,0.6123163929508717,1986
PDHB,0.6121503555249284,1987
ETFA,0.6112562796263844,1988
PICALM,0.6109644074179965,1989
AP2B1,0.6108411787327522,1990
ORMDL1,0.6104727700148589,1991
NFIB,0.6103112251772695,1992
AP1M2,0.6092395332400735,1993
SSNA1,0.609104729554851,1994
MAP2K2,0.6087481737550118,1995
NKTR,0.6085759855423702,1996
GDI2,0.6071810945055691,1997
ISCA1,0.6065070300604987,1998
RGS2,0.606187129638481,1999
EIF3D,0.6061710106963966,2000
UHMK1,0.6051006690457864,2001
CXCL8,0.6037846710923647,2002
ATF4,0.6024107230738465,2003
EIF3J,0.6020959977486893,2004
TOMM22,0.6013923260424292,2005
HAX1,0.6010857466983939,2006
ABRACL,0.5999913329439549,2007
MEIS2,0.5999856970977566,2008
ZNRD1,0.5990954826827506,2009
UNC50,0.5982508351747806,2010
DUSP2,0.5981290559106749,2011
MFSD4,0.5973911667953198,2012
TRBC2,0.5969495920012825,2013
DMAC1,0.5964398320379231,2014
KCNQ1OT1,0.5956292514531408,2015
FGD5-AS1,0.5942710889248775,2016
MDM4,0.5940098752286882,2017
DHRS3,0.593618295059799,2018
MIR4458HG,0.5929555911923209,2019
LINC00493,0.5928365624368456,2020
LAPTM5,0.5922311029216374,2021
CCT2,0.5919420495880202,2022
EI24,0.5917906145749489,2023
WNK4,0.5913975343978136,2024
PHF3,0.5911819185153796,2025
MRPL47,0.5909576900542252,2026
CLSTN1,0.5905666251682827,2027
IMP3,0.590378196953992,2028
LIMS1,0.5896021033445522,2029
CD2AP,0.5895755255666266,2030
SCARB2,0.5894328081341669,2031
CFLAR,0.5888529429690301,2032
SLCO2A1,0.5887355447811554,2033
GNG12,0.5883908526022346,2034
UBE2E3,0.5881309392833319,2035
MMP13,0.587951,2036
PCM1,0.5876334905631573,2037
YIPF3,0.5874830174302624,2038
TFPI,0.5874574759120954,2039
ABCA5,0.587205527828625,2040
EIF3I,0.586853682519634,2041
TCEA1,0.5862105026237574,2042
MEF2A,0.586033253241207,2043
YIF1A,0.5855304658745997,2044
RSL1D1,0.5854999855618719,2045
METAP2,0.5848283130224189,2046
NOL7,0.5844216193440129,2047
RSRC2,0.5843286719711255,2048
TUBB2B,0.5843130199410786,2049
ESM1,0.5839031351239041,2050
SDC2,0.5829011650147714,2051
PIGQ,0.5822429349672077,2052
TMEM106C,0.581977832032548,2053
VPS13C,0.5806674444507907,2054
FXYD5,0.580288819783548,2055
NAXE,0.5797218147557683,2056
CPQ,0.5794765691872433,2057
QDPR,0.5791463326517073,2058
UACA,0.5791240601825408,2059
TRPM7,0.578438344153018,2060
CDC37,0.5783148990023508,2061
MRPL55,0.5781245865618846,2062
ACTR10,0.577547637106707,2063
RNF19A,0.5773002037991962,2064
RBM25,0.5769440177860365,2065
ESRRG,0.5749491442304265,2066
LCP1,0.5746064442953027,2067
GATA3-AS1,0.5743007223634531,2068
PSMB9,0.5737995712174385,2069
FBXO21,0.5735900335805034,2070
PMVK,0.5734939778441726,2071
CD44,0.5731802579934837,2072
AIMP1,0.5726551246383714,2073
PIGP,0.5719428137467351,2074
ILF2,0.5717496296441368,2075
PLD3,0.5714808440414122,2076
RAB10,0.5704132051487436,2077
PTPRO,0.5704115197455112,2078
ANKRD9,0.5701920947103853,2079
PLA2R1,0.5691621555314502,2080
PFKFB3,0.5687470584235637,2081
RAB1B,0.5686513328082704,2082
TMEM61,0.5684247621722953,2083
NCOA4,0.5682387607438576,2084
PROM2,0.5680585671990122,2085
LSM2,0.56795076936298,2086
POP5,0.56793353036718,2087
PLXNB1,0.5671993463848717,2088
TBC1D1,0.5655710215670611,2089
PNN,0.5645314310931612,2090
RBBP8,0.5640403771982319,2091
TESC,0.5637920612188462,2092
MT1A,0.5634358524727996,2093
SDHB,0.5627925132712519,2094
CHGB,0.5625333354183668,2095
FAAP20,0.5625243588890199,2096
PLIN2,0.5624456060488211,2097
MACROD1,0.5620237395508343,2098
UXS1,0.5617855940705432,2099
IER3IP1,0.561670467499745,2100
FNBP1L,0.5614985429416715,2101
RAB25,0.5611157216326804,2102
ACSL3,0.5603055893406224,2103
MRPL4,0.5597076185706603,2104
CACYBP,0.5593914906195493,2105
WASF2,0.5593613540685431,2106
SPATS2L,0.558977135855165,2107
DYNLT3,0.5586477493453174,2108
MBNL1,0.5585399245452083,2109
SLC26A4,0.5580860178000802,2110
GAMT,0.5576312091719243,2111
MYH10,0.5574001068115568,2112
PDLIM1,0.5566665182357502,2113
DGCR6L,0.5565967404257908,2114
ALDH1L1,0.5542844532456339,2115
PA2G4,0.5538800825321697,2116
ZC3H15,0.5532179307217364,2117
GOLM1,0.5530212179901467,2118
CISD3,0.5529405481653972,2119
ZBTB44,0.5525494072649992,2120
PRPF4B,0.5516368128806266,2121
UBE2I,0.5515581476058683,2122
DAP,0.5509893154861156,2123
PAXX,0.5506066844496296,2124
GPR56,0.549342814633564,2125
NCKAP1,0.5491963498726273,2126
CLIC5,0.5488222057893185,2127
ZFAND6,0.5479651308965792,2128
AFF1,0.547825510064526,2129
ERGIC3,0.5477459682019455,2130
PSENEN,0.5474805465222049,2131
COX16,0.5466867087958627,2132
MRPL23,0.5453775104436,2133
SNX10,0.5451115905074715,2134
TMEM134,0.544218810547675,2135
MRPL28,0.5439485255879479,2136
MRPL22,0.5435359028005802,2137
RNF13,0.5428426683436205,2138
PART1,0.5428312049526746,2139
HNRNPR,0.5427187534239546,2140
BAD,0.5421477180565337,2141
PDIA4,0.5419057222738387,2142
ADGRF1,0.5418307534361158,2143
BCLAF1,0.5416325868502385,2144
GIPC1,0.5415204484433315,2145
MRPL42,0.5410205228069355,2146
EPN1,0.5403715935594087,2147
RGS1,0.5401183030419107,2148
OS9,0.5385317950613638,2149
ANKRD12,0.5380301360917494,2150
EVA1B,0.5378144246796988,2151
COL4A3,0.5377250557850861,2152
TMPRSS2,0.5377018152161404,2153
MRPS18B,0.5375659111979824,2154
ITGB2,0.5369096071840083,2155
FDPS,0.536794139101609,2156
CMPK1,0.5365867404681115,2157
NINJ1,0.5364712509932761,2158
TBX2,0.5357057614079357,2159
ABHD14B,0.535503269969477,2160
UBL3,0.5354145466768745,2161
PURA,0.5347908316700598,2162
SLC25A36,0.5345037532198265,2163
HECTD1,0.5337005273028778,2164
TMEM9,0.5324885945953862,2165
MAT2A,0.5324812266137838,2166
LIMCH1,0.5322887775803848,2167
FLOT1,0.5322249873787105,2168
MOB1B,0.5319697724731369,2169
DUSP15,0.5319412409491714,2170
TPST2,0.5315380226527342,2171
ASH1L,0.531295159228752,2172
SLC6A6,0.5305905834583452,2173
LLGL2,0.5299082638896359,2174
FOLR3,0.5299003282067417,2175
FOXI1,0.5297804836342735,2176
LNPEP,0.5297251195435039,2177
GLTSCR2,0.5297197594096346,2178
ZMPSTE24,0.5292978624792821,2179
ZNF207,0.5290786637158367,2180
PDCD6IP,0.5290491196064052,2181
PHGDH,0.5289691511761464,2182
EMP1,0.5288996308604252,2183
NEU1,0.5284527106949388,2184
AAMDC,0.5276975981583542,2185
TMEM9B,0.5271466431584262,2186
LIMA1,0.5269029344686309,2187
SYNCRIP,0.5266471133922218,2188
SLC7A7,0.5264320753213678,2189
SULT1C2,0.5262627864493696,2190
TAF1D,0.5258623058729999,2191
CD3D,0.5253494010639033,2192
FAM195A,0.5249627372446306,2193
TCEA3,0.5249237260665646,2194
KIAA1109,0.5248891180101235,2195
COMP,0.5248827618941324,2196
ARHGEF12,0.5247782692919598,2197
TPD52,0.5246424102511815,2198
MATR3,0.5242099182203126,2199
ALDH3A2,0.5238434303741671,2200
MPLKIP,0.5235989325479435,2201
MAPK1IP1L,0.5235894515529473,2202
COA5,0.5234373582805334,2203
FBXL5,0.5233536872832514,2204
ALOX5AP,0.5232570518604689,2205
HSF1,0.5231944288537773,2206
PIN1,0.5229640404371402,2207
HLA-DQA2,0.5227480434327545,2208
TBC1D4,0.5225796714505784,2209
BPTF,0.5225487214361788,2210
CMTM6,0.522387211045455,2211
CD37,0.5221228364375796,2212
IFNGR1,0.5218801981901204,2213
ARRDC3,0.5218327310683756,2214
RRAGD,0.5213873400107341,2215
RNF5,0.5212616712625445,2216
NAP1L4,0.5211164737519594,2217
NRP1,0.5209162373896652,2218
ARL4C,0.5205168783612918,2219
CRABP1,0.5204822065217749,2220
HM13,0.5201659468702821,2221
GLG1,0.5192044712122187,2222
SPOCK2,0.5191264024087889,2223
CTNNAL1,0.5187499511573327,2224
U2SURP,0.5187430622575095,2225
PDCD10,0.5186158604489505,2226
RAB34,0.518130702175077,2227
SRSF10,0.5181143704739742,2228
LRPPRC,0.5179638534354091,2229
LMO7,0.5177002436968902,2230
NAA10,0.5171028888615326,2231
IDH3G,0.5163247182139024,2232
TERF2IP,0.5152955704398821,2233
IDS,0.5151297317029693,2234
MIR4435-2HG,0.5149836972897531,2235
CHMP3,0.5148702761948694,2236
TMEM88,0.5141586852229266,2237
DPYSL2,0.5140212090900249,2238
DNAJC4,0.5136099166916335,2239
QKI,0.5126681255153231,2240
ISCA2,0.5124241480329977,2241
CCT7,0.5123749364507294,2242
MRPS25,0.5122145532669309,2243
LTBP3,0.5121549543522885,2244
CISD2,0.5116667802124099,2245
ETNK1,0.5115335994294574,2246
MSRA,0.5112222789939174,2247
PTPN13,0.5100176042976611,2248
TATDN1,0.509677491425165,2249
EIF4H,0.509580245742431,2250
C1orf56,0.5092681894713857,2251
IFI6,0.5091245682346723,2252
EFHD2,0.50878292942161,2253
C7orf55,0.5083665228241255,2254
ZFAND2A,0.5080282847147742,2255
COQ9,0.5073425691218412,2256
PRKDC,0.5069607368941991,2257
NDUFAF4,0.506765639640085,2258
TSPAN33,0.5063776081373756,2259
UBE2S,0.5060057044382374,2260
CCL14,0.5051359042950546,2261
ITM2A,0.5050524692837524,2262
RAD23A,0.5049705536671052,2263
MRPL16,0.5049042615872239,2264
RBMS1,0.5044290018066971,2265
NIPSNAP2,0.5032955071377496,2266
MPST,0.5031933108871339,2267
STARD7,0.5031409972311232,2268
MACC1,0.5025851669007109,2269
RBBP4,0.5023865308097193,2270
PREPL,0.5023114451519967,2271
MEST,0.5020603901683804,2272
CERS2,0.5020395287067688,2273
SEPT11,0.5020006097435883,2274
PYCARD,0.5007974746245856,2275
PNRC2,0.5007745697647357,2276
GRB14,0.5007579918431238,2277
OBSL1,0.4998227257841365,2278
NPR3,0.4994115273720509,2279
THRAP3,0.4993454674133137,2280
PPP2R3A,0.4991835314782973,2281
PRKCSH,0.4990750992038427,2282
TIPARP,0.4988445521807884,2283
NFKBIZ,0.4987564807968885,2284
CLMN,0.49835190750436065,2285
C1orf63,0.4977446102362835,2286
CD93,0.49712111364358064,2287
C14orf166,0.49694874501359265,2288
PLCXD2,0.4956404557964063,2289
FLNB,0.4955217934294797,2290
MS4A7,0.49544422716857134,2291
SLC14A1,0.49444527820338446,2292
CAV2,0.49440064159650465,2293
TRIB1,0.4942564746204972,2294
CCT5,0.4937112901067353,2295
MYLK,0.49329218299359445,2296
TMEM30A,0.4932361140584698,2297
NONO,0.49312104148792457,2298
GMNN,0.49274271659835445,2299
NCOR1,0.49226478356354975,2300
SLC35F5,0.49205230915840603,2301
PIK3C2A,0.49184043699677893,2302
TSPAN7,0.49177509121319807,2303
CADPS2,0.4916692351228891,2304
LINC00472,0.49079394630121603,2305
AREG,0.4899595282479167,2306
SMARCA5,0.48976080476087136,2307
CTSF,0.48962456805017907,2308
LUM,0.4895473525898595,2309
DDOST,0.4893319052947102,2310
GPC3,0.4890703964930255,2311
DYNC2LI1,0.4889106989059754,2312
RASSF4,0.48817598094728243,2313
ZNF638,0.48777165899885855,2314
PSMC3,0.48732522214678214,2315
POLR2H,0.48700172601585423,2316
WASL,0.48698297973164806,2317
DGUOK,0.48602829209264137,2318
TCP1,0.48533575217935687,2319
APH1A,0.4850463674083567,2320
RCAN2,0.4840527024772567,2321
CDKN1A,0.48404747144330545,2322
CWC15,0.48398559094701654,2323
FKBP3,0.4837747371762859,2324
PAX2,0.4837453108273127,2325
ALG5,0.4835709891242325,2326
TMED7,0.4835090531150545,2327
PPP1R10,0.4828667509253611,2328
SYNGR2,0.4827179081216912,2329
MCAM,0.4827037326502352,2330
CTB-27N1.1,0.48261539514432583,2331
7SK.2,0.4826025685591772,2332
OGDH,0.48254708523947687,2333
NUCB2,0.48239926914800907,2334
M6PR,0.48230245917221276,2335
MRPS35,0.48225693920361695,2336
LAP3,0.4815596044568791,2337
CCDC47,0.48136682660432173,2338
CLPS,0.4812932222222222,2339
WAC,0.48129157498425557,2340
MRPL32,0.48109679266705324,2341
GLYATL1,0.48059523970533913,2342
GSPT1,0.4800284624672948,2343
LSM8,0.47870860803573456,2344
ZCRB1,0.47869790369028764,2345
TCEB1,0.47863702964270466,2346
WDR72,0.4784384993702949,2347
ANXA3,0.478323446995716,2348
MICU2,0.4779809370070355,2349
THSD7A,0.47773240212057844,2350
SYAP1,0.4774126854406451,2351
ARMCX3,0.4769464340827597,2352
SKIL,0.4767030682081168,2353
CTD-2228K2.5,0.4765480721889303,2354
CYHR1,0.476077502380325,2355
JMJD1C,0.4760448118934977,2356
SH3GLB1,0.4759309925481978,2357
AKIRIN1,0.47576697255465894,2358
LAMB2,0.47567502424329666,2359
OTUD6B-AS1,0.47552169068314143,2360
SRSF1,0.4754814057572856,2361
G3BP1,0.4751812182558463,2362
PPT1,0.4745876007685217,2363
NUDT3,0.474447195274279,2364
NEDD9,0.4739863551842599,2365
FAM107A,0.47397622428767494,2366
SEP15,0.47369529471829436,2367
NDUFA4L2,0.473325991255584,2368
C5orf24,0.47317783108013295,2369
RTL8C,0.4731079461626405,2370
PKN2,0.47274212728688625,2371
ETS1,0.4726663522676964,2372
ALDH9A1,0.47258365865559077,2373
EFEMP1,0.4723292156058879,2374
SLC17A3,0.4722780511116716,2375
C9orf3,0.4722715516849606,2376
CREB3L2,0.4720608802717807,2377
CD34,0.47165775970614177,2378
ADRM1,0.4714799953281765,2379
FNIP2,0.4708360055826783,2380
COPB1,0.4708252410537386,2381
TAF7,0.470818881875235,2382
RAD21,0.47076180018038893,2383
RAB18,0.4706666445308405,2384
CRYAA,0.47065098444428366,2385
TRIP11,0.4702947802207499,2386
IAH1,0.46963907869584154,2387
SPTBN2,0.46942345598980617,2388
SKAP2,0.46900834422905463,2389
PSMD4,0.4689723426872092,2390
TGIF1,0.46884566767342944,2391
HYI,0.4686769593673324,2392
IGKV1-27,0.46839354296610997,2393
AP1S1,0.46762354008133367,2394
C17orf89,0.46752202025427536,2395
CCDC107,0.46750793626740206,2396
GRINA,0.46731551427596474,2397
RPL26L1,0.4672005584229476,2398
LRP10,0.4667867525427093,2399
CUEDC2,0.4665884837536364,2400
KIFC3,0.46655230945841747,2401
BNIP3L,0.4663847318890791,2402
EHD3,0.46569093235986375,2403
PAWR,0.4655965744501118,2404
TBL1XR1,0.4655845519409995,2405
CHD4,0.46549767760268185,2406
MRPL3,0.4654964667573022,2407
SPSB3,0.465318405634953,2408
SUPT4H1,0.4652819010070959,2409
ACO1,0.46519136098408564,2410
CDC42SE2,0.46490906271226656,2411
TRA2B,0.46417726878575627,2412
IER5L,0.4637105061172567,2413
PMEPA1,0.4632505004696986,2414
SELT,0.46281727898128355,2415
RNF187,0.46197777580989213,2416
CCDC124,0.46120344183322065,2417
MAP4,0.4602950688422306,2418
GNAQ,0.46005657609940304,2419
LINC00116,0.4599216091795382,2420
ZRANB2,0.45988750534191997,2421
USP22,0.4595500019453491,2422
ARSD,0.4595047802474664,2423
SERPINB1,0.45924836282463277,2424
ARPC5L,0.45816380997413164,2425
ASNA1,0.4580985110236247,2426
PCNP,0.4580687376136414,2427
TRIM8,0.458049024060928,2428
ATP6V1C2,0.4576478462185944,2429
SORBS2,0.4576426817441889,2430
ATP6V1H,0.4574020168663312,2431
TMED5,0.4573559574194167,2432
TMEM207,0.45703277685615507,2433
MBNL2,0.4567991309215497,2434
H1F0,0.4567374234822164,2435
LINC01116,0.456651361227961,2436
C19orf60,0.45617735037220397,2437
TPD52L1,0.45602660243282656,2438
SERINC3,0.45580924157648994,2439
IMMT,0.4554915325842673,2440
PSMC6,0.45546933561374003,2441
TPR,0.45533901782511604,2442
CHMP1B,0.45500685376593625,2443
OGA,0.45459698415792416,2444
DDX18,0.4540282960446653,2445
PTPRF,0.45369827664290097,2446
TSG101,0.4535911338041976,2447
MPHOSPH8,0.45353012819605587,2448
SUMF2,0.4533753492261939,2449
SEMA5A,0.4531241725365913,2450
SEC31A,0.45182307902108254,2451
ITFG1,0.4505119598343723,2452
TAF9,0.4502438056534651,2453
LAMTOR3,0.4494028241185413,2454
PAFAH1B1,0.44892668559395205,2455
EIF4E,0.44881051660041066,2456
METTL5,0.4484274942195241,2457
TRAPPC4,0.448209106051486,2458
PAM,0.44790938678702685,2459
MRPL2,0.44789531038671504,2460
GYPC,0.44705985777332563,2461
CAB39,0.4470469020917256,2462
VCL,0.446973899688335,2463
RPAIN,0.4463037550493716,2464
POLR2E,0.44628061936623964,2465
PPA2,0.44625965752813834,2466
TOP2B,0.44602040403411836,2467
PINK1,0.4459744495644822,2468
C7orf73,0.445106596196017,2469
NUDT14,0.44506089895766077,2470
TRIM28,0.4446098666767098,2471
BCL2L1,0.44459861604402046,2472
ITGB1BP1,0.4439890874399466,2473
MYO1C,0.4439045208215733,2474
EMC4,0.4437240787094998,2475
CREBRF,0.4435862725237433,2476
ARF3,0.4434195547946679,2477
CLK1,0.4434110375163204,2478
YME1L1,0.44315914247136884,2479
ITPR2,0.4431222812751637,2480
C19orf24,0.4431056429006954,2481
FCGR3A,0.442789658643294,2482
PLCL1,0.4424077850437321,2483
VCP,0.4422985564478054,2484
AP1S2,0.44229129125332683,2485
CLPP,0.442231913952964,2486
WBP2,0.4421658146745524,2487
MCFD2,0.4420982338063423,2488
ISYNA1,0.4417831252041226,2489
TEX41,0.44170402145422455,2490
UBE2K,0.44164717420342686,2491
XRN2,0.4415942994061654,2492
TUBA4A,0.44156351788047304,2493
SLTM,0.4415442367210868,2494
RRAGA,0.4414120463447161,2495
DARS,0.4413550165092447,2496
TP53I3,0.44081832122754444,2497
HNRNPAB,0.4403246874638743,2498
RAB17,0.440036440484156,2499
AC019197.1,0.44000487429419727,2500
PTRHD1,0.43935059687632094,2501
FUOM,0.439334260583289,2502
CCS,0.43910893964769965,2503
TMEM14A,0.4388316812659588,2504
COQ4,0.43879896059691037,2505
FXR1,0.4387700584817948,2506
TJP1,0.43871213032648937,2507
C5orf15,0.4383487277772402,2508
MIA2,0.4378551508358204,2509
MAF1,0.43763702385005765,2510
ASAP2,0.4374158213014927,2511
KMT2E,0.4372062211888099,2512
MTHFD2L,0.4372031172885648,2513
PUF60,0.4370462480481906,2514
DDB1,0.43703060344233224,2515
FAM167B,0.43633970471709554,2516
STAU1,0.4363262586488633,2517
LACTB2,0.4363116463691144,2518
OSBPL9,0.43627818312712796,2519
OAT,0.4358389286856249,2520
GMDS,0.43442442981585655,2521
RNPS1,0.4343180635799755,2522
ADH1C,0.43395910546228195,2523
HPGD,0.4338857642827697,2524
H19,0.43385688936066646,2525
PDAP1,0.43340662607596064,2526
PHC2,0.43323202759873763,2527
KLF4,0.4331001577702982,2528
PAK2,0.4330045598649806,2529
GSTT1,0.432981305225456,2530
AFG3L2,0.4329283350412714,2531
FBXL15,0.4328517583297315,2532
EIF4G1,0.43281463185489477,2533
PTPRA,0.4327541946200536,2534
FIBP,0.4326551227134464,2535
SF3B2,0.43261710242549195,2536
TM7SF2,0.432478167549583,2537
PXMP2,0.43237919320482227,2538
PLEKHA1,0.43226743725789313,2539
HDGF,0.4321907246720991,2540
CHMP4A,0.4321709483886237,2541
CCDC80,0.432129111177579,2542
CDC26,0.43181948982215834,2543
ZNF331,0.4317255794578481,2544
FHL1,0.43109680191853644,2545
TLE5,0.4307170330079666,2546
CCNG1,0.4301878856050715,2547
RERE,0.4300703899610998,2548
FUCA1,0.4300628104728691,2549
SLC44A1,0.42995313021213044,2550
PDE4D,0.4296688294761595,2551
PTOV1,0.42943483391405024,2552
SSFA2,0.4293190486210789,2553
SMCO4,0.42884385345259046,2554
SUMO3,0.42852493632258837,2555
MRPL17,0.42845778501531867,2556
EMC3,0.42843921777901567,2557
MIR22HG,0.42843294865086645,2558
HADH,0.4283050526638207,2559
SDF4,0.4282776212346897,2560
SH3BP5,0.4275089614577554,2561
HS6ST1,0.4270341611663481,2562
MYO1B,0.42702282572508443,2563
DHX9,0.4267823934000667,2564
DNAJA2,0.42644178914648745,2565
TUSC2,0.42642970494206867,2566
TTC37,0.42629986113421997,2567
FOXP1,0.4262272573142763,2568
CAPZA1,0.42614679565455815,2569
HIST1H1C,0.425747202740555,2570
EWSR1,0.4257057714987377,2571
LARS,0.4252201933086571,2572
BMPR2,0.42505406203121593,2573
POSTN,0.42496289727714,2574
ATP2C1,0.4248476072499055,2575
RAP1A,0.4238037175805679,2576
YY1,0.42362634242788655,2577
SBSPON,0.42348697620940545,2578
PTBP1,0.42331925597355125,2579
DNAJC3,0.4231084996232173,2580
RNPC3,0.4228792925989261,2581
BIRC2,0.42283296135867077,2582
ZNF667-AS1,0.4227497947318024,2583
G3BP2,0.4225595643129033,2584
TIMMDC1,0.4223938564023753,2585
CAPRIN1,0.42224371275438194,2586
VWA1,0.4222359649500883,2587
MRPL19,0.4220957622725439,2588
TMEM243,0.42197092212731774,2589
CASC4,0.42092903720131425,2590
CLEC11A,0.4207426138231949,2591
BEX5,0.42027948814276833,2592
USP9X,0.4202256811363528,2593
AKR7A3,0.4197544652843501,2594
WWC1,0.41954638057179927,2595
EAPP,0.4194879989330006,2596
SYNGR1,0.41943871297444807,2597
EMX2OS,0.41941554016604166,2598
DEPTOR,0.41941089811949595,2599
SURF4,0.4191196963009994,2600
HSD17B4,0.4190946149624309,2601
SNORA76,0.4189733844108661,2602
DICER1,0.4187565610020275,2603
SH3GLB2,0.41863383727483927,2604
SEMA6D,0.4172293492777003,2605
ADAM10,0.4171641328771757,2606
COMMD8,0.41680246466326626,2607
ZBTB38,0.4161791699369454,2608
PMM1,0.41585023538349386,2609
CELF1,0.4155461644489459,2610
CTDSPL,0.415270557521114,2611
HEG1,0.41483334976243,2612
RTF1,0.4147860952673705,2613
COMMD1,0.41474232011120266,2614
GMPR,0.41411681118638616,2615
NUDT22,0.41387970581698386,2616
NUMA1,0.41316933892444485,2617
KIAA1191,0.41305315232016987,2618
PNPLA8,0.41248335968159766,2619
CPD,0.4121796297336634,2620
SLC9A3R1,0.41189108058437685,2621
ZNF292,0.4118061901366932,2622
CMTM4,0.4115625709558552,2623
SENP6,0.4114324330310689,2624
PAPPA,0.4112994333080072,2625
RNMT,0.41124748277953777,2626
TPMT,0.41091586192652063,2627
U2AF1,0.41071331836210734,2628
PEX2,0.41049847885440527,2629
ERGIC2,0.41049133285103123,2630
CAVIN1,0.4103495793771049,2631
CCNB1IP1,0.4103410527902427,2632
STXBP2,0.40980982708919345,2633
CADM1,0.4096640917814433,2634
HIP1R,0.40959180558729846,2635
LSP1,0.4095820227795114,2636
RBBP7,0.40943222506954213,2637
OLR1,0.4093746855903368,2638
FNDC3B,0.4091879101425709,2639
NAMPT,0.4091798182928832,2640
RDH11,0.4090088121690031,2641
MRPS28,0.40848763663699983,2642
PRRC2B,0.4084627201531705,2643
USP53,0.40845152617456176,2644
MICOS13,0.4084220735060159,2645
PLGRKT,0.4078563348188621,2646
SLC40A1,0.4078321989326733,2647
ZNF44,0.4077796396003865,2648
HOXB2,0.4074675003409676,2649
MRPL50,0.40726821502039967,2650
NUTF2,0.40705526705086587,2651
PFDN1,0.40701953407299774,2652
TMEM165,0.40680206183361217,2653
DYNC1LI2,0.40650669998066025,2654
RBM17,0.40631376216830534,2655
PCMT1,0.40626262549783637,2656
PALLD,0.4060276542504723,2657
MTHFS,0.40567539432843625,2658
C21orf33,0.4053689648443867,2659
ACP5,0.4047742786025606,2660
FGF1,0.4043444967258035,2661
SYNJ2BP,0.4042344677921338,2662
MGAT4B,0.40415503603998726,2663
NUPR1L,0.4040045843287055,2664
RAPGEF3,0.40394632992978186,2665
DCTN2,0.40388678155120317,2666
SYTL2,0.40381854843797105,2667
APOLD1,0.4037453149344816,2668
MYO9A,0.4034625858806118,2669
APPL1,0.40339848662534344,2670
CCDC12,0.4031368513339758,2671
TP53TG1,0.403043695120992,2672
WASHC3,0.40221566459800145,2673
UBE3A,0.40218483143836836,2674
SPAG9,0.4010252959500552,2675
SMAD5,0.4009087191586108,2676
BUD23,0.4007891730972359,2677
KDR,0.4003932095135622,2678
FAM49B,0.40037734236182465,2679
MCRIP1,0.40012161013447095,2680
CCL17,0.40008707741988075,2681
SPG21,0.3997157062172845,2682
IPO7,0.3996652959017193,2683
FIBIN,0.3996546626515497,2684
CGGBP1,0.3995050400631018,2685
ANP32E,0.39949585874940874,2686
LENG8,0.3994588043573259,2687
RABGGTB,0.39930499423807586,2688
IK,0.3990169687043025,2689
ILK,0.39881182122018927,2690
TFDP2,0.3987805844149171,2691
RETREG1,0.3985589377237823,2692
SERPINF1,0.3981667374527789,2693
TM4SF18,0.3979638894615036,2694
PMF1,0.39791868352640547,2695
GLOD4,0.3974111600413603,2696
ASPH,0.39699178447099903,2697
TCF4,0.3969153940943823,2698
ABCD3,0.3968094816354397,2699
OSBPL8,0.39643984795284826,2700
TMEM248,0.3963618816390362,2701
RAB21,0.39576288449252894,2702
TNFRSF1A,0.39552111479472973,2703
AIFM1,0.3954142439126889,2704
HSBP1L1,0.3950443256692667,2705
SLC4A9,0.394872339428487,2706
ILF3,0.3947992481325936,2707
KPNB1,0.3947536433540384,2708
SHISA3,0.3943097840625414,2709
COA6,0.3941617145631268,2710
PMPCB,0.39410084006154955,2711
TLN1,0.39400934698924217,2712
MGAT4A,0.3933284581079538,2713
PRSS8,0.3931887928984981,2714
STT3B,0.39284460914095193,2715
COMMD4,0.39284040676277343,2716
MVP,0.3927820771197419,2717
IRF2BPL,0.3927348968995601,2718
TOMM6,0.39216884061873963,2719
NOTCH3,0.3920993550019846,2720
MRPS23,0.39187395665652874,2721
EIF4EBP2,0.3917252553026552,2722
TOMM5,0.3912787148673448,2723
SAR1B,0.39090349700031146,2724
DNAJC10,0.39083155303222905,2725
CNOT6L,0.3900264877952282,2726
BOD1L1,0.3899417911294789,2727
SUGT1,0.3896863581389187,2728
ADD1,0.3895034420005772,2729
GTF3A,0.3893575565478811,2730
SLC13A3,0.38932755296144184,2731
EBPL,0.38929706890529675,2732
BCAP29,0.3892601816542545,2733
SNX5,0.3890160521785173,2734
SFRP2,0.38867873642331685,2735
TUSC3,0.38853171599150205,2736
ZNF106,0.38844016196007397,2737
OGT,0.38834940256521133,2738
CCDC50,0.38816922553215794,2739
CENPX,0.3880504832821916,2740
SMARCA2,0.38796779436541357,2741
KMT2A,0.3876143591191656,2742
RND3,0.38740322539923033,2743
RALY,0.38733645220209584,2744
TCEAL3,0.38720158700174706,2745
PRPF40A,0.3870450816210873,2746
NUDT16,0.3868646704909398,2747
MET,0.3866285332081187,2748
MAN2A1,0.38639256431996083,2749
RBCK1,0.38570353195208795,2750
FECH,0.3856415098089383,2751
CD2,0.38554567337439366,2752
THUMPD1,0.38550509852284265,2753
ARID1B,0.3853833746918591,2754
UBXN6,0.38538167365095277,2755
SCAMP2,0.38537848822233217,2756
MKNK2,0.38534725058917196,2757
MMADHC,0.385095252523952,2758
C11orf1,0.38480116324031255,2759
HOXB7,0.38479245343502666,2760
LEPROTL1,0.38433217931738234,2761
UQCC3,0.3843136195501273,2762
C1orf162,0.38390769094663396,2763
COPA,0.3838794359180481,2764
LYRM2,0.3836051084065914,2765
AC019080.1,0.38330990599461884,2766
MRPS5,0.3831304481693528,2767
IFNAR1,0.3823393297698802,2768
ANO6,0.38153850059317096,2769
APIP,0.3811614479408429,2770
GIMAP7,0.38114457718969125,2771
TNC,0.3810153551764581,2772
PLEKHA5,0.3809829254168045,2773
PHLDB2,0.38074861013990335,2774
TPGS1,0.38022711215656657,2775
SUCLA2,0.3796654751644125,2776
SEL1L,0.37927335777869164,2777
FLRT3,0.37870648544319824,2778
VGLL4,0.37828725632159865,2779
GPR160,0.37815373359080773,2780
PRPF8,0.37796597124402354,2781
MIR4435-1HG,0.37794772800986304,2782
SRA1,0.3777361631221695,2783
TTC14,0.3776239692679454,2784
DYNLL2,0.3775002853138898,2785
PDLIM5,0.37741471209133604,2786
LARP1,0.3773410860691771,2787
PSMG4,0.3772885597962067,2788
SMIM20,0.37721587351304403,2789
MRPL21,0.37676009815507183,2790
EPHX2,0.3767582360385504,2791
PCDH9,0.3764592589303948,2792
IFI16,0.37635151456196314,2793
PTEN,0.3762120688204038,2794
MBTPS1,0.3761908322834665,2795
GPRC5B,0.37572633346496564,2796
ARL5A,0.3752570810471827,2797
ZSWIM7,0.3752376558337381,2798
WDR13,0.3751747190102146,2799
NBL1,0.37512586904138095,2800
NASP,0.3745614435367572,2801
SPTLC2,0.3743733500875819,2802
MRPL1,0.37425565442209274,2803
PSMC4,0.37422122037076005,2804
MFSD10,0.37385078187679566,2805
MCTS1,0.3737892276331798,2806
TMEM204,0.3737270363421932,2807
STAG2,0.37346374897041956,2808
AZGP1,0.3733969789871734,2809
C6orf48,0.3731061623764644,2810
GANAB,0.3729715644537015,2811
AGTRAP,0.3727057058086467,2812
CD55,0.37261273941737943,2813
ABI3BP,0.37205819216840313,2814
PAIP1,0.3720539514219169,2815
MKKS,0.37176713345850276,2816
SPTSSA,0.371725564716003,2817
PTGES2,0.37155102149704006,2818
RTF2,0.37150676323058357,2819
HMGCR,0.3713841612183366,2820
TFG,0.3711518561635467,2821
COX11,0.37105997226898235,2822
LIMD2,0.371046336589917,2823
RP11-532F12.5,0.3707419094946477,2824
AC073218.2,0.3705611521968902,2825
SPIN1,0.3701914448028023,2826
CHD2,0.3700369674163279,2827
NUDCD2,0.36998500762529385,2828
PUM1,0.3698247296338986,2829
GRASP,0.3696675719263129,2830
IST1,0.36966552508854994,2831
HNRNPH2,0.36940465830669367,2832
TMEM259,0.3693820953258127,2833
STX7,0.36925027562653934,2834
LARP6,0.36924511662557974,2835
PGRMC2,0.36917683494750114,2836
SNX17,0.3691633648367626,2837
PCNA,0.3690543199961968,2838
SWI5,0.3688039253710719,2839
YTHDC1,0.3687202935510044,2840
FAM50A,0.36849096102435264,2841
LIPA,0.3684426111787665,2842
MAPK1,0.3683572896209162,2843
HUWE1,0.3682965867181728,2844
IQGAP2,0.3682324559260038,2845
IGKV1-39,0.36812410011014823,2846
KIDINS220,0.3680813228126435,2847
PFKP,0.3680534874071261,2848
NOSIP,0.36763150762977,2849
TMEM251,0.3674581342836912,2850
DDX46,0.3672956151259358,2851
SOCS1,0.36707010237132637,2852
ESF1,0.36682171209756115,2853
KCNJ10,0.36679680588732594,2854
ST14,0.3666374383679753,2855
CLPTM1,0.3665976619766776,2856
MTPN,0.36632170211428117,2857
ECHDC1,0.36620867625076226,2858
VIMP,0.3661907596025802,2859
ZDHHC2,0.36523674358471037,2860
CBX6,0.3652358148544558,2861
UBR4,0.36504773200624435,2862
SIL1,0.36495312624511045,2863
AC087379.2,0.3642808983598431,2864
SORT1,0.36417251187213195,2865
HRAS,0.36415501748980883,2866
KLHDC2,0.3638360823148549,2867
PPM1K,0.3638185145995622,2868
TSEN34,0.36353109218596785,2869
DDX21,0.36348959072918907,2870
JOSD2,0.3634545917952431,2871
IGF2R,0.3633556930214922,2872
MRPL11,0.3628978644682751,2873
EDN2,0.36289229990260824,2874
FERMT2,0.36274109804086696,2875
CREG1,0.36224253215638486,2876
HBEGF,0.36221237142302987,2877
USP34,0.3619806642941247,2878
TWSG1,0.3618193446288046,2879
TMED1,0.3616887047682909,2880
POLDIP2,0.36165672422409756,2881
PLPP5,0.3614147098983558,2882
ASL,0.36127232668185294,2883
GS1-251I9.4,0.36124227896308486,2884
SLC39A4,0.3607153629503101,2885
PNPLA2,0.3604882220648482,2886
ARL16,0.3604485140250082,2887
YIPF4,0.35998018225074413,2888
PTPRG,0.35979854181503645,2889
CLPTM1L,0.35928914767268116,2890
NRGN,0.35927900616563874,2891
P4HTM,0.3591648983110295,2892
TSR3,0.3585846213147828,2893
CAVIN3,0.35842911682700085,2894
PQLC3,0.35838595105347026,2895
TRA2A,0.35837505251144,2896
ENPP2,0.3581934502537237,2897
PSMA2.1,0.3580779361845489,2898
PARP14,0.35783035331974317,2899
ZNF580,0.3577873480993002,2900
TPP1,0.3577001431700598,2901
ZMYND11,0.35739962445865764,2902
TMX2,0.35720268862199295,2903
RNF130,0.3569580058449609,2904
PLEC,0.35655905427734785,2905
ANKRD11,0.356268301400927,2906
FZD4,0.35603363246052366,2907
PTN,0.35584359078437466,2908
DDX1,0.3556320585294359,2909
CLNS1A,0.35549804888950615,2910
TBC1D9,0.35547002452942766,2911
NBEAL1,0.3554008850493474,2912
PRMT2,0.3552347919995546,2913
CUX1,0.3549137614347875,2914
DNAJC21,0.3547139244811626,2915
MEA1,0.3546802658614775,2916
ADAMTS6,0.35440781192978693,2917
SLC6A8,0.3543254864033165,2918
PPM1G,0.35422628272159423,2919
CSNK2A1,0.3541044751300151,2920
HEPACAM2,0.3540985676869363,2921
RP6-99M1.2,0.3537993723254621,2922
SERTAD4-AS1,0.3537623739402817,2923
FBXW5,0.35360187388253683,2924
EPB41L4A-AS1,0.35358245436832725,2925
REG1B,0.3534831458828545,2926
DNM2,0.35343260905753765,2927
HMGCS1,0.35327263730956937,2928
ZFYVE21,0.35301852250101284,2929
SETX,0.3529766450766223,2930
ABHD2,0.3528223367704812,2931
GNAI1,0.35278258430493376,2932
TRIP6,0.3521791117418737,2933
NPEPPS,0.3521354536120316,2934
GPC4,0.3519442372767054,2935
PBXIP1,0.3518178996626512,2936
ATP6V1B2,0.35164946188256835,2937
SDF2,0.35163378839912773,2938
TP53I13,0.3514358117783031,2939
SLC25A1,0.3512427796444295,2940
WDR6,0.351215412453083,2941
OCLN,0.35110137971019584,2942
MAGT1,0.35105815404496865,2943
TMEM33,0.3509280322160949,2944
CRTAP,0.3508999185626453,2945
ERMP1,0.3508687759797194,2946
DPM2,0.3507932222118407,2947
CCNL2,0.35067670669283524,2948
YIPF6,0.3505070563378634,2949
TFRC,0.3504599460754278,2950
COMMD3,0.35044652336965576,2951
ADGRL4,0.35044205174768417,2952
SREK1,0.3503812057538026,2953
HOPX,0.35006507608964593,2954
RBPJ,0.3498642945333959,2955
STK24,0.349471714573385,2956
LARP7,0.3493760356664878,2957
SARS,0.3491479770080538,2958
RGS10,0.3489068892575956,2959
F11R,0.34820894899386523,2960
SNRPC,0.34818084101465385,2961
ELP5,0.34816153894639223,2962
VBP1,0.3480784175898642,2963
EHHADH,0.347972335413973,2964
RGS3,0.3479370224765828,2965
L1CAM,0.3477120921488323,2966
DHX15,0.34761806841351295,2967
TTC1,0.34752725894676617,2968
LSM14A,0.34752603209164684,2969
DERL2,0.34751946233207126,2970
IARS2,0.3474496071285502,2971
CST7,0.34737314015994775,2972
GZMH,0.34725919951544715,2973
PATJ,0.3469826323254531,2974
ATP2B1,0.34695283953101314,2975
ESRRA,0.3469059978548883,2976
NAA50,0.3468839118160326,2977
FAM229B,0.3466119018111351,2978
UBE2A,0.34654287859918204,2979
IFITM1,0.3464982556337849,2980
FBXO7,0.34649065285029534,2981
MAPRE1,0.3462676212646427,2982
ACSS1,0.3459628022474396,2983
ITGA1,0.3457102656570428,2984
CD68,0.3456419417457831,2985
ATXN10,0.3453300340001862,2986
APOPT1,0.3451552084279183,2987
BSND,0.3451005807543469,2988
CNOT7,0.3447211373704043,2989
EBP,0.3443507908762455,2990
PSMD2,0.34366144972038987,2991
FLYWCH2,0.3432710171417608,2992
CARMIL1,0.3432482416310382,2993
BROX,0.3431497244956063,2994
ERI3,0.34306981892651145,2995
TMEM8A,0.3426490539329799,2996
AP2A2,0.34244233287232423,2997
CHL1,0.3420857801202785,2998
OXR1,0.34188003185512394,2999
LRRK2,0.3417887038827418,3000
